trip_id,stop_id,arrival_time,departure_time,stop_sequence,arrival_time_clean
AFA25GEN-1038-Sunday-00_000600_1..S03R,101S,00:06:00,00:06:00,1,00:06:00
AFA25GEN-1038-Sunday-00_000600_1..S03R,103S,00:07:30,00:07:30,2,00:07:30
AFA25GEN-1038-Sunday-00_000600_1..S03R,104S,00:09:00,00:09:00,3,00:09:00
AFA25GEN-1038-Sunday-00_000600_1..S03R,106S,00:10:30,00:10:30,4,00:10:30
AFA25GEN-1038-Sunday-00_000600_1..S03R,107S,00:12:00,00:12:00,5,00:12:00
AFA25GEN-1038-Sunday-00_000600_1..S03R,108S,00:13:00,00:13:00,6,00:13:00
AFA25GEN-1038-Sunday-00_000600_1..S03R,109S,00:14:30,00:14:30,7,00:14:30
AFA25GEN-1038-Sunday-00_000600_1..S03R,110S,00:16:00,00:16:00,8,00:16:00
AFA25GEN-1038-Sunday-00_000600_1..S03R,111S,00:17:30,00:17:30,9,00:17:30
AFA25GEN-1038-Sunday-00_000600_1..S03R,112S,00:19:30,00:19:30,10,00:19:30
AFA25GEN-1038-Sunday-00_000600_1..S03R,113S,00:21:00,00:21:00,11,00:21:00
AFA25GEN-1038-Sunday-00_000600_1..S03R,114S,00:23:00,00:23:00,12,00:23:00
AFA25GEN-1038-Sunday-00_000600_1..S03R,115S,00:24:30,00:24:30,13,00:24:30
AFA25GEN-1038-Sunday-00_000600_1..S03R,116S,00:26:00,00:26:00,14,00:26:00
AFA25GEN-1038-Sunday-00_000600_1..S03R,117S,00:28:30,00:28:30,15,00:28:30
AFA25GEN-1038-Sunday-00_000600_1..S03R,118S,00:29:30,00:29:30,16,00:29:30
AFA25GEN-1038-Sunday-00_000600_1..S03R,119S,00:30:30,00:30:30,17,00:30:30
AFA25GEN-1038-Sunday-00_000600_1..S03R,120S,00:32:30,00:32:30,18,00:32:30
AFA25GEN-1038-Sunday-00_000600_1..S03R,121S,00:34:30,00:34:30,19,00:34:30
AFA25GEN-1038-Sunday-00_000600_1..S03R,122S,00:35:30,00:35:30,20,00:35:30
AFA25GEN-1038-Sunday-00_000600_1..S03R,123S,00:37:00,00:37:00,21,00:37:00
AFA25GEN-1038-Sunday-00_000600_1..S03R,124S,00:38:30,00:38:30,22,00:38:30
AFA25GEN-1038-Sunday-00_000600_1..S03R,125S,00:40:00,00:40:00,23,00:40:00
AFA25GEN-1038-Sunday-00_000600_1..S03R,126S,00:42:00,00:42:00,24,00:42:00
AFA25GEN-1038-Sunday-00_000600_1..S03R,127S,00:43:30,00:43:30,25,00:43:30
AFA25GEN-1038-Sunday-00_000600_1..S03R,128S,00:45:00,00:45:00,26,00:45:00
AFA25GEN-1038-Sunday-00_000600_1..S03R,129S,00:46:00,00:46:00,27,00:46:00
AFA25GEN-1038-Sunday-00_000600_1..S03R,130S,00:47:00,00:47:00,28,00:47:00
AFA25GEN-1038-Sunday-00_000600_1..S03R,131S,00:48:00,00:48:00,29,00:48:00
AFA25GEN-1038-Sunday-00_000600_1..S03R,132S,00:49:00,00:49:00,30,00:49:00
AFA25GEN-1038-Sunday-00_000600_1..S03R,133S,00:50:30,00:50:30,31,00:50:30
AFA25GEN-1038-Sunday-00_000600_1..S03R,134S,00:52:00,00:52:00,32,00:52:00
AFA25GEN-1038-Sunday-00_000600_1..S03R,135S,00:54:00,00:54:00,33,00:54:00
AFA25GEN-1038-Sunday-00_000600_1..S03R,136S,00:55:00,00:55:00,34,00:55:00
AFA25GEN-1038-Sunday-00_000600_1..S03R,137S,00:56:00,00:59:00,35,00:56:00
AFA25GEN-1038-Sunday-00_000600_1..S03R,138S,01:00:30,01:00:30,36,01:00:30
AFA25GEN-1038-Sunday-00_000600_1..S03R,139S,01:02:00,01:02:00,37,01:02:00
AFA25GEN-1038-Sunday-00_000600_1..S03R,142S,01:04:00,01:04:00,38,01:04:00
AFA25GEN-1038-Sunday-00_002600_1..S03R,101S,00:26:00,00:26:00,1,00:26:00
AFA25GEN-1038-Sunday-00_002600_1..S03R,103S,00:27:30,00:27:30,2,00:27:30
AFA25GEN-1038-Sunday-00_002600_1..S03R,104S,00:29:00,00:29:00,3,00:29:00
AFA25GEN-1038-Sunday-00_002600_1..S03R,106S,00:30:30,00:30:30,4,00:30:30
AFA25GEN-1038-Sunday-00_002600_1..S03R,107S,00:32:00,00:32:00,5,00:32:00
AFA25GEN-1038-Sunday-00_002600_1..S03R,108S,00:33:00,00:33:00,6,00:33:00
AFA25GEN-1038-Sunday-00_002600_1..S03R,109S,00:34:30,00:34:30,7,00:34:30
AFA25GEN-1038-Sunday-00_002600_1..S03R,110S,00:36:00,00:36:00,8,00:36:00
AFA25GEN-1038-Sunday-00_002600_1..S03R,111S,00:37:30,00:37:30,9,00:37:30
AFA25GEN-1038-Sunday-00_002600_1..S03R,112S,00:39:30,00:39:30,10,00:39:30
AFA25GEN-1038-Sunday-00_002600_1..S03R,113S,00:41:00,00:41:00,11,00:41:00
AFA25GEN-1038-Sunday-00_002600_1..S03R,114S,00:43:00,00:43:00,12,00:43:00
AFA25GEN-1038-Sunday-00_002600_1..S03R,115S,00:44:30,00:44:30,13,00:44:30
AFA25GEN-1038-Sunday-00_002600_1..S03R,116S,00:46:00,00:46:00,14,00:46:00
AFA25GEN-1038-Sunday-00_002600_1..S03R,117S,00:48:30,00:48:30,15,00:48:30
AFA25GEN-1038-Sunday-00_002600_1..S03R,118S,00:49:30,00:49:30,16,00:49:30
AFA25GEN-1038-Sunday-00_002600_1..S03R,119S,00:50:30,00:50:30,17,00:50:30
AFA25GEN-1038-Sunday-00_002600_1..S03R,120S,00:52:30,00:52:30,18,00:52:30
AFA25GEN-1038-Sunday-00_002600_1..S03R,121S,00:54:30,00:54:30,19,00:54:30
AFA25GEN-1038-Sunday-00_002600_1..S03R,122S,00:55:30,00:55:30,20,00:55:30
AFA25GEN-1038-Sunday-00_002600_1..S03R,123S,00:57:00,00:57:00,21,00:57:00
AFA25GEN-1038-Sunday-00_002600_1..S03R,124S,00:58:30,00:58:30,22,00:58:30
AFA25GEN-1038-Sunday-00_002600_1..S03R,125S,01:00:00,01:00:00,23,01:00:00
AFA25GEN-1038-Sunday-00_002600_1..S03R,126S,01:02:00,01:02:00,24,01:02:00
AFA25GEN-1038-Sunday-00_002600_1..S03R,127S,01:03:30,01:03:30,25,01:03:30
AFA25GEN-1038-Sunday-00_002600_1..S03R,128S,01:05:00,01:05:00,26,01:05:00
AFA25GEN-1038-Sunday-00_002600_1..S03R,129S,01:06:00,01:06:00,27,01:06:00
AFA25GEN-1038-Sunday-00_002600_1..S03R,130S,01:07:00,01:07:00,28,01:07:00
AFA25GEN-1038-Sunday-00_002600_1..S03R,131S,01:08:00,01:08:00,29,01:08:00
AFA25GEN-1038-Sunday-00_002600_1..S03R,132S,01:09:00,01:09:00,30,01:09:00
AFA25GEN-1038-Sunday-00_002600_1..S03R,133S,01:10:30,01:10:30,31,01:10:30
AFA25GEN-1038-Sunday-00_002600_1..S03R,134S,01:12:00,01:12:00,32,01:12:00
AFA25GEN-1038-Sunday-00_002600_1..S03R,135S,01:14:00,01:14:00,33,01:14:00
AFA25GEN-1038-Sunday-00_002600_1..S03R,136S,01:15:00,01:15:00,34,01:15:00
AFA25GEN-1038-Sunday-00_002600_1..S03R,137S,01:16:00,01:19:00,35,01:16:00
AFA25GEN-1038-Sunday-00_002600_1..S03R,138S,01:20:30,01:20:30,36,01:20:30
AFA25GEN-1038-Sunday-00_002600_1..S03R,139S,01:22:00,01:22:00,37,01:22:00
AFA25GEN-1038-Sunday-00_002600_1..S03R,142S,01:24:00,01:24:00,38,01:24:00
AFA25GEN-1038-Sunday-00_004600_1..S03R,101S,00:46:00,00:46:00,1,00:46:00
AFA25GEN-1038-Sunday-00_004600_1..S03R,103S,00:47:30,00:47:30,2,00:47:30
AFA25GEN-1038-Sunday-00_004600_1..S03R,104S,00:49:00,00:49:00,3,00:49:00
AFA25GEN-1038-Sunday-00_004600_1..S03R,106S,00:50:30,00:50:30,4,00:50:30
AFA25GEN-1038-Sunday-00_004600_1..S03R,107S,00:52:00,00:52:00,5,00:52:00
AFA25GEN-1038-Sunday-00_004600_1..S03R,108S,00:53:00,00:53:00,6,00:53:00
AFA25GEN-1038-Sunday-00_004600_1..S03R,109S,00:54:30,00:54:30,7,00:54:30
AFA25GEN-1038-Sunday-00_004600_1..S03R,110S,00:56:00,00:56:00,8,00:56:00
AFA25GEN-1038-Sunday-00_004600_1..S03R,111S,00:57:30,00:57:30,9,00:57:30
AFA25GEN-1038-Sunday-00_004600_1..S03R,112S,00:59:30,00:59:30,10,00:59:30
AFA25GEN-1038-Sunday-00_004600_1..S03R,113S,01:01:00,01:01:00,11,01:01:00
AFA25GEN-1038-Sunday-00_004600_1..S03R,114S,01:03:00,01:03:00,12,01:03:00
AFA25GEN-1038-Sunday-00_004600_1..S03R,115S,01:04:30,01:04:30,13,01:04:30
AFA25GEN-1038-Sunday-00_004600_1..S03R,116S,01:06:00,01:06:00,14,01:06:00
AFA25GEN-1038-Sunday-00_004600_1..S03R,117S,01:08:30,01:08:30,15,01:08:30
AFA25GEN-1038-Sunday-00_004600_1..S03R,118S,01:09:30,01:09:30,16,01:09:30
AFA25GEN-1038-Sunday-00_004600_1..S03R,119S,01:10:30,01:10:30,17,01:10:30
AFA25GEN-1038-Sunday-00_004600_1..S03R,120S,01:12:30,01:12:30,18,01:12:30
AFA25GEN-1038-Sunday-00_004600_1..S03R,121S,01:14:30,01:14:30,19,01:14:30
AFA25GEN-1038-Sunday-00_004600_1..S03R,122S,01:15:30,01:15:30,20,01:15:30
AFA25GEN-1038-Sunday-00_004600_1..S03R,123S,01:17:00,01:17:00,21,01:17:00
AFA25GEN-1038-Sunday-00_004600_1..S03R,124S,01:18:30,01:18:30,22,01:18:30
AFA25GEN-1038-Sunday-00_004600_1..S03R,125S,01:20:00,01:20:00,23,01:20:00
AFA25GEN-1038-Sunday-00_004600_1..S03R,126S,01:22:00,01:22:00,24,01:22:00
AFA25GEN-1038-Sunday-00_004600_1..S03R,127S,01:23:30,01:23:30,25,01:23:30
AFA25GEN-1038-Sunday-00_004600_1..S03R,128S,01:25:00,01:25:00,26,01:25:00
AFA25GEN-1038-Sunday-00_004600_1..S03R,129S,01:26:00,01:26:00,27,01:26:00
AFA25GEN-1038-Sunday-00_004600_1..S03R,130S,01:27:00,01:27:00,28,01:27:00
AFA25GEN-1038-Sunday-00_004600_1..S03R,131S,01:28:00,01:28:00,29,01:28:00
AFA25GEN-1038-Sunday-00_004600_1..S03R,132S,01:29:00,01:29:00,30,01:29:00
AFA25GEN-1038-Sunday-00_004600_1..S03R,133S,01:30:30,01:30:30,31,01:30:30
AFA25GEN-1038-Sunday-00_004600_1..S03R,134S,01:32:00,01:32:00,32,01:32:00
AFA25GEN-1038-Sunday-00_004600_1..S03R,135S,01:34:00,01:34:00,33,01:34:00
AFA25GEN-1038-Sunday-00_004600_1..S03R,136S,01:35:00,01:35:00,34,01:35:00
AFA25GEN-1038-Sunday-00_004600_1..S03R,137S,01:36:00,01:39:00,35,01:36:00
AFA25GEN-1038-Sunday-00_004600_1..S03R,138S,01:40:30,01:40:30,36,01:40:30
AFA25GEN-1038-Sunday-00_004600_1..S03R,139S,01:42:00,01:42:00,37,01:42:00
AFA25GEN-1038-Sunday-00_004600_1..S03R,142S,01:44:00,01:44:00,38,01:44:00
AFA25GEN-1038-Sunday-00_006600_1..S03R,101S,01:06:00,01:06:00,1,01:06:00
AFA25GEN-1038-Sunday-00_006600_1..S03R,103S,01:07:30,01:07:30,2,01:07:30
AFA25GEN-1038-Sunday-00_006600_1..S03R,104S,01:09:00,01:09:00,3,01:09:00
AFA25GEN-1038-Sunday-00_006600_1..S03R,106S,01:10:30,01:10:30,4,01:10:30
AFA25GEN-1038-Sunday-00_006600_1..S03R,107S,01:12:00,01:12:00,5,01:12:00
AFA25GEN-1038-Sunday-00_006600_1..S03R,108S,01:13:00,01:13:00,6,01:13:00
AFA25GEN-1038-Sunday-00_006600_1..S03R,109S,01:14:30,01:14:30,7,01:14:30
AFA25GEN-1038-Sunday-00_006600_1..S03R,110S,01:16:00,01:16:00,8,01:16:00
AFA25GEN-1038-Sunday-00_006600_1..S03R,111S,01:17:30,01:17:30,9,01:17:30
AFA25GEN-1038-Sunday-00_006600_1..S03R,112S,01:19:30,01:19:30,10,01:19:30
AFA25GEN-1038-Sunday-00_006600_1..S03R,113S,01:21:00,01:21:00,11,01:21:00
AFA25GEN-1038-Sunday-00_006600_1..S03R,114S,01:23:00,01:23:00,12,01:23:00
AFA25GEN-1038-Sunday-00_006600_1..S03R,115S,01:24:30,01:24:30,13,01:24:30
AFA25GEN-1038-Sunday-00_006600_1..S03R,116S,01:26:00,01:26:00,14,01:26:00
AFA25GEN-1038-Sunday-00_006600_1..S03R,117S,01:28:30,01:28:30,15,01:28:30
AFA25GEN-1038-Sunday-00_006600_1..S03R,118S,01:29:30,01:29:30,16,01:29:30
AFA25GEN-1038-Sunday-00_006600_1..S03R,119S,01:30:30,01:30:30,17,01:30:30
AFA25GEN-1038-Sunday-00_006600_1..S03R,120S,01:32:30,01:32:30,18,01:32:30
AFA25GEN-1038-Sunday-00_006600_1..S03R,121S,01:34:30,01:34:30,19,01:34:30
AFA25GEN-1038-Sunday-00_006600_1..S03R,122S,01:35:30,01:35:30,20,01:35:30
AFA25GEN-1038-Sunday-00_006600_1..S03R,123S,01:37:00,01:37:00,21,01:37:00
AFA25GEN-1038-Sunday-00_006600_1..S03R,124S,01:38:30,01:38:30,22,01:38:30
AFA25GEN-1038-Sunday-00_006600_1..S03R,125S,01:40:00,01:40:00,23,01:40:00
AFA25GEN-1038-Sunday-00_006600_1..S03R,126S,01:42:00,01:42:00,24,01:42:00
AFA25GEN-1038-Sunday-00_006600_1..S03R,127S,01:43:30,01:43:30,25,01:43:30
AFA25GEN-1038-Sunday-00_006600_1..S03R,128S,01:45:00,01:45:00,26,01:45:00
AFA25GEN-1038-Sunday-00_006600_1..S03R,129S,01:46:00,01:46:00,27,01:46:00
AFA25GEN-1038-Sunday-00_006600_1..S03R,130S,01:47:00,01:47:00,28,01:47:00
AFA25GEN-1038-Sunday-00_006600_1..S03R,131S,01:48:00,01:48:00,29,01:48:00
AFA25GEN-1038-Sunday-00_006600_1..S03R,132S,01:49:00,01:49:00,30,01:49:00
AFA25GEN-1038-Sunday-00_006600_1..S03R,133S,01:50:30,01:50:30,31,01:50:30
AFA25GEN-1038-Sunday-00_006600_1..S03R,134S,01:52:00,01:52:00,32,01:52:00
AFA25GEN-1038-Sunday-00_006600_1..S03R,135S,01:54:00,01:54:00,33,01:54:00
AFA25GEN-1038-Sunday-00_006600_1..S03R,136S,01:55:00,01:55:00,34,01:55:00
AFA25GEN-1038-Sunday-00_006600_1..S03R,137S,01:56:00,01:59:00,35,01:56:00
AFA25GEN-1038-Sunday-00_006600_1..S03R,138S,02:00:30,02:00:30,36,02:00:30
AFA25GEN-1038-Sunday-00_006600_1..S03R,139S,02:02:00,02:02:00,37,02:02:00
AFA25GEN-1038-Sunday-00_006600_1..S03R,142S,02:04:00,02:04:00,38,02:04:00
AFA25GEN-1038-Sunday-00_007200_1..N03R,142N,01:12:00,01:12:00,1,01:12:00
AFA25GEN-1038-Sunday-00_007200_1..N03R,139N,01:14:30,01:14:30,2,01:14:30
AFA25GEN-1038-Sunday-00_007200_1..N03R,138N,01:15:30,01:15:30,3,01:15:30
AFA25GEN-1038-Sunday-00_007200_1..N03R,137N,01:16:30,01:16:30,4,01:16:30
AFA25GEN-1038-Sunday-00_007200_1..N03R,136N,01:18:00,01:18:00,5,01:18:00
AFA25GEN-1038-Sunday-00_007200_1..N03R,135N,01:19:00,01:19:00,6,01:19:00
AFA25GEN-1038-Sunday-00_007200_1..N03R,134N,01:20:30,01:20:30,7,01:20:30
AFA25GEN-1038-Sunday-00_007200_1..N03R,133N,01:22:00,01:22:00,8,01:22:00
AFA25GEN-1038-Sunday-00_007200_1..N03R,132N,01:23:30,01:23:30,9,01:23:30
AFA25GEN-1038-Sunday-00_007200_1..N03R,131N,01:24:30,01:24:30,10,01:24:30
AFA25GEN-1038-Sunday-00_007200_1..N03R,130N,01:25:30,01:25:30,11,01:25:30
AFA25GEN-1038-Sunday-00_007200_1..N03R,129N,01:26:30,01:26:30,12,01:26:30
AFA25GEN-1038-Sunday-00_007200_1..N03R,128N,01:28:00,01:28:00,13,01:28:00
AFA25GEN-1038-Sunday-00_007200_1..N03R,127N,01:29:30,01:29:30,14,01:29:30
AFA25GEN-1038-Sunday-00_007200_1..N03R,126N,01:31:30,01:31:30,15,01:31:30
AFA25GEN-1038-Sunday-00_007200_1..N03R,125N,01:33:30,01:33:30,16,01:33:30
AFA25GEN-1038-Sunday-00_007200_1..N03R,124N,01:35:00,01:35:00,17,01:35:00
AFA25GEN-1038-Sunday-00_007200_1..N03R,123N,01:36:00,01:36:00,18,01:36:00
AFA25GEN-1038-Sunday-00_007200_1..N03R,122N,01:37:30,01:37:30,19,01:37:30
AFA25GEN-1038-Sunday-00_007200_1..N03R,121N,01:39:00,01:39:00,20,01:39:00
AFA25GEN-1038-Sunday-00_007200_1..N03R,120N,01:40:30,01:40:30,21,01:40:30
AFA25GEN-1038-Sunday-00_007200_1..N03R,119N,01:42:00,01:42:00,22,01:42:00
AFA25GEN-1038-Sunday-00_007200_1..N03R,118N,01:43:30,01:43:30,23,01:43:30
AFA25GEN-1038-Sunday-00_007200_1..N03R,117N,01:44:30,01:44:30,24,01:44:30
AFA25GEN-1038-Sunday-00_007200_1..N03R,116N,01:46:30,01:46:30,25,01:46:30
AFA25GEN-1038-Sunday-00_007200_1..N03R,115N,01:48:30,01:48:30,26,01:48:30
AFA25GEN-1038-Sunday-00_007200_1..N03R,114N,01:50:00,01:50:00,27,01:50:00
AFA25GEN-1038-Sunday-00_007200_1..N03R,113N,01:52:00,01:52:00,28,01:52:00
AFA25GEN-1038-Sunday-00_007200_1..N03R,112N,01:54:00,01:54:00,29,01:54:00
AFA25GEN-1038-Sunday-00_007200_1..N03R,111N,01:56:00,01:56:00,30,01:56:00
AFA25GEN-1038-Sunday-00_007200_1..N03R,110N,01:57:30,01:57:30,31,01:57:30
AFA25GEN-1038-Sunday-00_007200_1..N03R,109N,01:58:30,01:58:30,32,01:58:30
AFA25GEN-1038-Sunday-00_007200_1..N03R,108N,02:00:00,02:00:00,33,02:00:00
AFA25GEN-1038-Sunday-00_007200_1..N03R,107N,02:01:30,02:01:30,34,02:01:30
AFA25GEN-1038-Sunday-00_007200_1..N03R,106N,02:03:00,02:03:00,35,02:03:00
AFA25GEN-1038-Sunday-00_007200_1..N03R,104N,02:04:30,02:04:30,36,02:04:30
AFA25GEN-1038-Sunday-00_007200_1..N03R,103N,02:06:00,02:09:00,37,02:06:00
AFA25GEN-1038-Sunday-00_007200_1..N03R,101N,02:10:30,02:10:30,38,02:10:30
AFA25GEN-1038-Sunday-00_008600_1..S03R,101S,01:26:00,01:26:00,1,01:26:00
AFA25GEN-1038-Sunday-00_008600_1..S03R,103S,01:27:30,01:27:30,2,01:27:30
AFA25GEN-1038-Sunday-00_008600_1..S03R,104S,01:29:00,01:29:00,3,01:29:00
AFA25GEN-1038-Sunday-00_008600_1..S03R,106S,01:30:30,01:30:30,4,01:30:30
AFA25GEN-1038-Sunday-00_008600_1..S03R,107S,01:32:00,01:32:00,5,01:32:00
AFA25GEN-1038-Sunday-00_008600_1..S03R,108S,01:33:00,01:33:00,6,01:33:00
AFA25GEN-1038-Sunday-00_008600_1..S03R,109S,01:34:30,01:34:30,7,01:34:30
AFA25GEN-1038-Sunday-00_008600_1..S03R,110S,01:36:00,01:36:00,8,01:36:00
AFA25GEN-1038-Sunday-00_008600_1..S03R,111S,01:37:30,01:37:30,9,01:37:30
AFA25GEN-1038-Sunday-00_008600_1..S03R,112S,01:39:30,01:39:30,10,01:39:30
AFA25GEN-1038-Sunday-00_008600_1..S03R,113S,01:41:00,01:41:00,11,01:41:00
AFA25GEN-1038-Sunday-00_008600_1..S03R,114S,01:43:00,01:43:00,12,01:43:00
AFA25GEN-1038-Sunday-00_008600_1..S03R,115S,01:44:30,01:44:30,13,01:44:30
AFA25GEN-1038-Sunday-00_008600_1..S03R,116S,01:46:00,01:46:00,14,01:46:00
AFA25GEN-1038-Sunday-00_008600_1..S03R,117S,01:48:30,01:48:30,15,01:48:30
AFA25GEN-1038-Sunday-00_008600_1..S03R,118S,01:49:30,01:49:30,16,01:49:30
AFA25GEN-1038-Sunday-00_008600_1..S03R,119S,01:50:30,01:50:30,17,01:50:30
AFA25GEN-1038-Sunday-00_008600_1..S03R,120S,01:52:30,01:52:30,18,01:52:30
AFA25GEN-1038-Sunday-00_008600_1..S03R,121S,01:54:30,01:54:30,19,01:54:30
AFA25GEN-1038-Sunday-00_008600_1..S03R,122S,01:55:30,01:55:30,20,01:55:30
AFA25GEN-1038-Sunday-00_008600_1..S03R,123S,01:57:00,01:57:00,21,01:57:00
AFA25GEN-1038-Sunday-00_008600_1..S03R,124S,01:58:30,01:58:30,22,01:58:30
AFA25GEN-1038-Sunday-00_008600_1..S03R,125S,02:00:00,02:00:00,23,02:00:00
AFA25GEN-1038-Sunday-00_008600_1..S03R,126S,02:02:00,02:02:00,24,02:02:00
AFA25GEN-1038-Sunday-00_008600_1..S03R,127S,02:03:30,02:03:30,25,02:03:30
AFA25GEN-1038-Sunday-00_008600_1..S03R,128S,02:05:00,02:05:00,26,02:05:00
AFA25GEN-1038-Sunday-00_008600_1..S03R,129S,02:06:00,02:06:00,27,02:06:00
AFA25GEN-1038-Sunday-00_008600_1..S03R,130S,02:07:00,02:07:00,28,02:07:00
AFA25GEN-1038-Sunday-00_008600_1..S03R,131S,02:08:00,02:08:00,29,02:08:00
AFA25GEN-1038-Sunday-00_008600_1..S03R,132S,02:09:00,02:09:00,30,02:09:00
AFA25GEN-1038-Sunday-00_008600_1..S03R,133S,02:10:30,02:10:30,31,02:10:30
AFA25GEN-1038-Sunday-00_008600_1..S03R,134S,02:12:00,02:12:00,32,02:12:00
AFA25GEN-1038-Sunday-00_008600_1..S03R,135S,02:14:00,02:14:00,33,02:14:00
AFA25GEN-1038-Sunday-00_008600_1..S03R,136S,02:15:00,02:15:00,34,02:15:00
AFA25GEN-1038-Sunday-00_008600_1..S03R,137S,02:16:00,02:19:00,35,02:16:00
AFA25GEN-1038-Sunday-00_008600_1..S03R,138S,02:20:30,02:20:30,36,02:20:30
AFA25GEN-1038-Sunday-00_008600_1..S03R,139S,02:22:00,02:22:00,37,02:22:00
AFA25GEN-1038-Sunday-00_008600_1..S03R,142S,02:24:00,02:24:00,38,02:24:00
AFA25GEN-1038-Sunday-00_009200_1..N03R,142N,01:32:00,01:32:00,1,01:32:00
AFA25GEN-1038-Sunday-00_009200_1..N03R,139N,01:34:30,01:34:30,2,01:34:30
AFA25GEN-1038-Sunday-00_009200_1..N03R,138N,01:35:30,01:35:30,3,01:35:30
AFA25GEN-1038-Sunday-00_009200_1..N03R,137N,01:36:30,01:36:30,4,01:36:30
AFA25GEN-1038-Sunday-00_009200_1..N03R,136N,01:38:00,01:38:00,5,01:38:00
AFA25GEN-1038-Sunday-00_009200_1..N03R,135N,01:39:00,01:39:00,6,01:39:00
AFA25GEN-1038-Sunday-00_009200_1..N03R,134N,01:40:30,01:40:30,7,01:40:30
AFA25GEN-1038-Sunday-00_009200_1..N03R,133N,01:42:00,01:42:00,8,01:42:00
AFA25GEN-1038-Sunday-00_009200_1..N03R,132N,01:43:30,01:43:30,9,01:43:30
AFA25GEN-1038-Sunday-00_009200_1..N03R,131N,01:44:30,01:44:30,10,01:44:30
AFA25GEN-1038-Sunday-00_009200_1..N03R,130N,01:45:30,01:45:30,11,01:45:30
AFA25GEN-1038-Sunday-00_009200_1..N03R,129N,01:46:30,01:46:30,12,01:46:30
AFA25GEN-1038-Sunday-00_009200_1..N03R,128N,01:48:00,01:48:00,13,01:48:00
AFA25GEN-1038-Sunday-00_009200_1..N03R,127N,01:49:30,01:49:30,14,01:49:30
AFA25GEN-1038-Sunday-00_009200_1..N03R,126N,01:51:30,01:51:30,15,01:51:30
AFA25GEN-1038-Sunday-00_009200_1..N03R,125N,01:53:30,01:53:30,16,01:53:30
AFA25GEN-1038-Sunday-00_009200_1..N03R,124N,01:55:00,01:55:00,17,01:55:00
AFA25GEN-1038-Sunday-00_009200_1..N03R,123N,01:56:00,01:56:00,18,01:56:00
AFA25GEN-1038-Sunday-00_009200_1..N03R,122N,01:57:30,01:57:30,19,01:57:30
AFA25GEN-1038-Sunday-00_009200_1..N03R,121N,01:59:00,01:59:00,20,01:59:00
AFA25GEN-1038-Sunday-00_009200_1..N03R,120N,02:00:30,02:00:30,21,02:00:30
AFA25GEN-1038-Sunday-00_009200_1..N03R,119N,02:02:00,02:02:00,22,02:02:00
AFA25GEN-1038-Sunday-00_009200_1..N03R,118N,02:03:30,02:03:30,23,02:03:30
AFA25GEN-1038-Sunday-00_009200_1..N03R,117N,02:04:30,02:04:30,24,02:04:30
AFA25GEN-1038-Sunday-00_009200_1..N03R,116N,02:06:30,02:06:30,25,02:06:30
AFA25GEN-1038-Sunday-00_009200_1..N03R,115N,02:08:30,02:08:30,26,02:08:30
AFA25GEN-1038-Sunday-00_009200_1..N03R,114N,02:10:00,02:10:00,27,02:10:00
AFA25GEN-1038-Sunday-00_009200_1..N03R,113N,02:12:00,02:12:00,28,02:12:00
AFA25GEN-1038-Sunday-00_009200_1..N03R,112N,02:14:00,02:14:00,29,02:14:00
AFA25GEN-1038-Sunday-00_009200_1..N03R,111N,02:16:00,02:16:00,30,02:16:00
AFA25GEN-1038-Sunday-00_009200_1..N03R,110N,02:17:30,02:17:30,31,02:17:30
AFA25GEN-1038-Sunday-00_009200_1..N03R,109N,02:18:30,02:18:30,32,02:18:30
AFA25GEN-1038-Sunday-00_009200_1..N03R,108N,02:20:00,02:20:00,33,02:20:00
AFA25GEN-1038-Sunday-00_009200_1..N03R,107N,02:21:30,02:21:30,34,02:21:30
AFA25GEN-1038-Sunday-00_009200_1..N03R,106N,02:23:00,02:23:00,35,02:23:00
AFA25GEN-1038-Sunday-00_009200_1..N03R,104N,02:24:30,02:24:30,36,02:24:30
AFA25GEN-1038-Sunday-00_009200_1..N03R,103N,02:26:00,02:29:00,37,02:26:00
AFA25GEN-1038-Sunday-00_009200_1..N03R,101N,02:30:30,02:30:30,38,02:30:30
AFA25GEN-1038-Sunday-00_010600_1..S03R,101S,01:46:00,01:46:00,1,01:46:00
AFA25GEN-1038-Sunday-00_010600_1..S03R,103S,01:47:30,01:47:30,2,01:47:30
AFA25GEN-1038-Sunday-00_010600_1..S03R,104S,01:49:00,01:49:00,3,01:49:00
AFA25GEN-1038-Sunday-00_010600_1..S03R,106S,01:50:30,01:50:30,4,01:50:30
AFA25GEN-1038-Sunday-00_010600_1..S03R,107S,01:52:00,01:52:00,5,01:52:00
AFA25GEN-1038-Sunday-00_010600_1..S03R,108S,01:53:00,01:53:00,6,01:53:00
AFA25GEN-1038-Sunday-00_010600_1..S03R,109S,01:54:30,01:54:30,7,01:54:30
AFA25GEN-1038-Sunday-00_010600_1..S03R,110S,01:56:00,01:56:00,8,01:56:00
AFA25GEN-1038-Sunday-00_010600_1..S03R,111S,01:57:30,01:57:30,9,01:57:30
AFA25GEN-1038-Sunday-00_010600_1..S03R,112S,01:59:30,01:59:30,10,01:59:30
AFA25GEN-1038-Sunday-00_010600_1..S03R,113S,02:01:00,02:01:00,11,02:01:00
AFA25GEN-1038-Sunday-00_010600_1..S03R,114S,02:03:00,02:03:00,12,02:03:00
AFA25GEN-1038-Sunday-00_010600_1..S03R,115S,02:04:30,02:04:30,13,02:04:30
AFA25GEN-1038-Sunday-00_010600_1..S03R,116S,02:06:00,02:06:00,14,02:06:00
AFA25GEN-1038-Sunday-00_010600_1..S03R,117S,02:08:30,02:08:30,15,02:08:30
AFA25GEN-1038-Sunday-00_010600_1..S03R,118S,02:09:30,02:09:30,16,02:09:30
AFA25GEN-1038-Sunday-00_010600_1..S03R,119S,02:10:30,02:10:30,17,02:10:30
AFA25GEN-1038-Sunday-00_010600_1..S03R,120S,02:12:30,02:12:30,18,02:12:30
AFA25GEN-1038-Sunday-00_010600_1..S03R,121S,02:14:30,02:14:30,19,02:14:30
AFA25GEN-1038-Sunday-00_010600_1..S03R,122S,02:15:30,02:15:30,20,02:15:30
AFA25GEN-1038-Sunday-00_010600_1..S03R,123S,02:17:00,02:17:00,21,02:17:00
AFA25GEN-1038-Sunday-00_010600_1..S03R,124S,02:18:30,02:18:30,22,02:18:30
AFA25GEN-1038-Sunday-00_010600_1..S03R,125S,02:20:00,02:20:00,23,02:20:00
AFA25GEN-1038-Sunday-00_010600_1..S03R,126S,02:22:00,02:22:00,24,02:22:00
AFA25GEN-1038-Sunday-00_010600_1..S03R,127S,02:23:30,02:23:30,25,02:23:30
AFA25GEN-1038-Sunday-00_010600_1..S03R,128S,02:25:00,02:25:00,26,02:25:00
AFA25GEN-1038-Sunday-00_010600_1..S03R,129S,02:26:00,02:26:00,27,02:26:00
AFA25GEN-1038-Sunday-00_010600_1..S03R,130S,02:27:00,02:27:00,28,02:27:00
AFA25GEN-1038-Sunday-00_010600_1..S03R,131S,02:28:00,02:28:00,29,02:28:00
AFA25GEN-1038-Sunday-00_010600_1..S03R,132S,02:29:00,02:29:00,30,02:29:00
AFA25GEN-1038-Sunday-00_010600_1..S03R,133S,02:30:30,02:30:30,31,02:30:30
AFA25GEN-1038-Sunday-00_010600_1..S03R,134S,02:32:00,02:32:00,32,02:32:00
AFA25GEN-1038-Sunday-00_010600_1..S03R,135S,02:34:00,02:34:00,33,02:34:00
AFA25GEN-1038-Sunday-00_010600_1..S03R,136S,02:35:00,02:35:00,34,02:35:00
AFA25GEN-1038-Sunday-00_010600_1..S03R,137S,02:36:00,02:39:00,35,02:36:00
AFA25GEN-1038-Sunday-00_010600_1..S03R,138S,02:40:30,02:40:30,36,02:40:30
AFA25GEN-1038-Sunday-00_010600_1..S03R,139S,02:42:00,02:42:00,37,02:42:00
AFA25GEN-1038-Sunday-00_010600_1..S03R,142S,02:44:00,02:44:00,38,02:44:00
AFA25GEN-1038-Sunday-00_011200_1..N03R,142N,01:52:00,01:52:00,1,01:52:00
AFA25GEN-1038-Sunday-00_011200_1..N03R,139N,01:54:30,01:54:30,2,01:54:30
AFA25GEN-1038-Sunday-00_011200_1..N03R,138N,01:55:30,01:55:30,3,01:55:30
AFA25GEN-1038-Sunday-00_011200_1..N03R,137N,01:56:30,01:56:30,4,01:56:30
AFA25GEN-1038-Sunday-00_011200_1..N03R,136N,01:58:00,01:58:00,5,01:58:00
AFA25GEN-1038-Sunday-00_011200_1..N03R,135N,01:59:00,01:59:00,6,01:59:00
AFA25GEN-1038-Sunday-00_011200_1..N03R,134N,02:00:30,02:00:30,7,02:00:30
AFA25GEN-1038-Sunday-00_011200_1..N03R,133N,02:02:00,02:02:00,8,02:02:00
AFA25GEN-1038-Sunday-00_011200_1..N03R,132N,02:03:30,02:03:30,9,02:03:30
AFA25GEN-1038-Sunday-00_011200_1..N03R,131N,02:04:30,02:04:30,10,02:04:30
AFA25GEN-1038-Sunday-00_011200_1..N03R,130N,02:05:30,02:05:30,11,02:05:30
AFA25GEN-1038-Sunday-00_011200_1..N03R,129N,02:06:30,02:06:30,12,02:06:30
AFA25GEN-1038-Sunday-00_011200_1..N03R,128N,02:08:00,02:08:00,13,02:08:00
AFA25GEN-1038-Sunday-00_011200_1..N03R,127N,02:09:30,02:09:30,14,02:09:30
AFA25GEN-1038-Sunday-00_011200_1..N03R,126N,02:11:30,02:11:30,15,02:11:30
AFA25GEN-1038-Sunday-00_011200_1..N03R,125N,02:13:30,02:13:30,16,02:13:30
AFA25GEN-1038-Sunday-00_011200_1..N03R,124N,02:15:00,02:15:00,17,02:15:00
AFA25GEN-1038-Sunday-00_011200_1..N03R,123N,02:16:00,02:16:00,18,02:16:00
AFA25GEN-1038-Sunday-00_011200_1..N03R,122N,02:17:30,02:17:30,19,02:17:30
AFA25GEN-1038-Sunday-00_011200_1..N03R,121N,02:19:00,02:19:00,20,02:19:00
AFA25GEN-1038-Sunday-00_011200_1..N03R,120N,02:20:30,02:20:30,21,02:20:30
AFA25GEN-1038-Sunday-00_011200_1..N03R,119N,02:22:00,02:22:00,22,02:22:00
AFA25GEN-1038-Sunday-00_011200_1..N03R,118N,02:23:30,02:23:30,23,02:23:30
AFA25GEN-1038-Sunday-00_011200_1..N03R,117N,02:24:30,02:24:30,24,02:24:30
AFA25GEN-1038-Sunday-00_011200_1..N03R,116N,02:26:30,02:26:30,25,02:26:30
AFA25GEN-1038-Sunday-00_011200_1..N03R,115N,02:28:30,02:28:30,26,02:28:30
AFA25GEN-1038-Sunday-00_011200_1..N03R,114N,02:30:00,02:30:00,27,02:30:00
AFA25GEN-1038-Sunday-00_011200_1..N03R,113N,02:32:00,02:32:00,28,02:32:00
AFA25GEN-1038-Sunday-00_011200_1..N03R,112N,02:34:00,02:34:00,29,02:34:00
AFA25GEN-1038-Sunday-00_011200_1..N03R,111N,02:36:00,02:36:00,30,02:36:00
AFA25GEN-1038-Sunday-00_011200_1..N03R,110N,02:37:30,02:37:30,31,02:37:30
AFA25GEN-1038-Sunday-00_011200_1..N03R,109N,02:38:30,02:38:30,32,02:38:30
AFA25GEN-1038-Sunday-00_011200_1..N03R,108N,02:40:00,02:40:00,33,02:40:00
AFA25GEN-1038-Sunday-00_011200_1..N03R,107N,02:41:30,02:41:30,34,02:41:30
AFA25GEN-1038-Sunday-00_011200_1..N03R,106N,02:43:00,02:43:00,35,02:43:00
AFA25GEN-1038-Sunday-00_011200_1..N03R,104N,02:44:30,02:44:30,36,02:44:30
AFA25GEN-1038-Sunday-00_011200_1..N03R,103N,02:46:00,02:49:00,37,02:46:00
AFA25GEN-1038-Sunday-00_011200_1..N03R,101N,02:50:30,02:50:30,38,02:50:30
AFA25GEN-1038-Sunday-00_012600_1..S03R,101S,02:06:00,02:06:00,1,02:06:00
AFA25GEN-1038-Sunday-00_012600_1..S03R,103S,02:07:30,02:07:30,2,02:07:30
AFA25GEN-1038-Sunday-00_012600_1..S03R,104S,02:09:00,02:09:00,3,02:09:00
AFA25GEN-1038-Sunday-00_012600_1..S03R,106S,02:10:30,02:10:30,4,02:10:30
AFA25GEN-1038-Sunday-00_012600_1..S03R,107S,02:12:00,02:12:00,5,02:12:00
AFA25GEN-1038-Sunday-00_012600_1..S03R,108S,02:13:00,02:13:00,6,02:13:00
AFA25GEN-1038-Sunday-00_012600_1..S03R,109S,02:14:30,02:14:30,7,02:14:30
AFA25GEN-1038-Sunday-00_012600_1..S03R,110S,02:16:00,02:16:00,8,02:16:00
AFA25GEN-1038-Sunday-00_012600_1..S03R,111S,02:17:30,02:17:30,9,02:17:30
AFA25GEN-1038-Sunday-00_012600_1..S03R,112S,02:19:30,02:19:30,10,02:19:30
AFA25GEN-1038-Sunday-00_012600_1..S03R,113S,02:21:00,02:21:00,11,02:21:00
AFA25GEN-1038-Sunday-00_012600_1..S03R,114S,02:23:00,02:23:00,12,02:23:00
AFA25GEN-1038-Sunday-00_012600_1..S03R,115S,02:24:30,02:24:30,13,02:24:30
AFA25GEN-1038-Sunday-00_012600_1..S03R,116S,02:26:00,02:26:00,14,02:26:00
AFA25GEN-1038-Sunday-00_012600_1..S03R,117S,02:28:30,02:28:30,15,02:28:30
AFA25GEN-1038-Sunday-00_012600_1..S03R,118S,02:29:30,02:29:30,16,02:29:30
AFA25GEN-1038-Sunday-00_012600_1..S03R,119S,02:30:30,02:30:30,17,02:30:30
AFA25GEN-1038-Sunday-00_012600_1..S03R,120S,02:32:30,02:32:30,18,02:32:30
AFA25GEN-1038-Sunday-00_012600_1..S03R,121S,02:34:30,02:34:30,19,02:34:30
AFA25GEN-1038-Sunday-00_012600_1..S03R,122S,02:35:30,02:35:30,20,02:35:30
AFA25GEN-1038-Sunday-00_012600_1..S03R,123S,02:37:00,02:37:00,21,02:37:00
AFA25GEN-1038-Sunday-00_012600_1..S03R,124S,02:38:30,02:38:30,22,02:38:30
AFA25GEN-1038-Sunday-00_012600_1..S03R,125S,02:40:00,02:40:00,23,02:40:00
AFA25GEN-1038-Sunday-00_012600_1..S03R,126S,02:42:00,02:42:00,24,02:42:00
AFA25GEN-1038-Sunday-00_012600_1..S03R,127S,02:43:30,02:43:30,25,02:43:30
AFA25GEN-1038-Sunday-00_012600_1..S03R,128S,02:45:00,02:45:00,26,02:45:00
AFA25GEN-1038-Sunday-00_012600_1..S03R,129S,02:46:00,02:46:00,27,02:46:00
AFA25GEN-1038-Sunday-00_012600_1..S03R,130S,02:47:00,02:47:00,28,02:47:00
AFA25GEN-1038-Sunday-00_012600_1..S03R,131S,02:48:00,02:48:00,29,02:48:00
AFA25GEN-1038-Sunday-00_012600_1..S03R,132S,02:49:00,02:49:00,30,02:49:00
AFA25GEN-1038-Sunday-00_012600_1..S03R,133S,02:50:30,02:50:30,31,02:50:30
AFA25GEN-1038-Sunday-00_012600_1..S03R,134S,02:52:00,02:52:00,32,02:52:00
AFA25GEN-1038-Sunday-00_012600_1..S03R,135S,02:54:00,02:54:00,33,02:54:00
AFA25GEN-1038-Sunday-00_012600_1..S03R,136S,02:55:00,02:55:00,34,02:55:00
AFA25GEN-1038-Sunday-00_012600_1..S03R,137S,02:56:00,02:59:00,35,02:56:00
AFA25GEN-1038-Sunday-00_012600_1..S03R,138S,03:00:30,03:00:30,36,03:00:30
AFA25GEN-1038-Sunday-00_012600_1..S03R,139S,03:02:00,03:02:00,37,03:02:00
AFA25GEN-1038-Sunday-00_012600_1..S03R,142S,03:04:00,03:04:00,38,03:04:00
AFA25GEN-1038-Sunday-00_013200_1..N03R,142N,02:12:00,02:12:00,1,02:12:00
AFA25GEN-1038-Sunday-00_013200_1..N03R,139N,02:14:30,02:14:30,2,02:14:30
AFA25GEN-1038-Sunday-00_013200_1..N03R,138N,02:15:30,02:15:30,3,02:15:30
AFA25GEN-1038-Sunday-00_013200_1..N03R,137N,02:16:30,02:16:30,4,02:16:30
AFA25GEN-1038-Sunday-00_013200_1..N03R,136N,02:18:00,02:18:00,5,02:18:00
AFA25GEN-1038-Sunday-00_013200_1..N03R,135N,02:19:00,02:19:00,6,02:19:00
AFA25GEN-1038-Sunday-00_013200_1..N03R,134N,02:20:30,02:20:30,7,02:20:30
AFA25GEN-1038-Sunday-00_013200_1..N03R,133N,02:22:00,02:22:00,8,02:22:00
AFA25GEN-1038-Sunday-00_013200_1..N03R,132N,02:23:30,02:23:30,9,02:23:30
AFA25GEN-1038-Sunday-00_013200_1..N03R,131N,02:24:30,02:24:30,10,02:24:30
AFA25GEN-1038-Sunday-00_013200_1..N03R,130N,02:25:30,02:25:30,11,02:25:30
AFA25GEN-1038-Sunday-00_013200_1..N03R,129N,02:26:30,02:26:30,12,02:26:30
AFA25GEN-1038-Sunday-00_013200_1..N03R,128N,02:28:00,02:28:00,13,02:28:00
AFA25GEN-1038-Sunday-00_013200_1..N03R,127N,02:29:30,02:29:30,14,02:29:30
AFA25GEN-1038-Sunday-00_013200_1..N03R,126N,02:31:30,02:31:30,15,02:31:30
AFA25GEN-1038-Sunday-00_013200_1..N03R,125N,02:33:30,02:33:30,16,02:33:30
AFA25GEN-1038-Sunday-00_013200_1..N03R,124N,02:35:00,02:35:00,17,02:35:00
AFA25GEN-1038-Sunday-00_013200_1..N03R,123N,02:36:00,02:36:00,18,02:36:00
AFA25GEN-1038-Sunday-00_013200_1..N03R,122N,02:37:30,02:37:30,19,02:37:30
AFA25GEN-1038-Sunday-00_013200_1..N03R,121N,02:39:00,02:39:00,20,02:39:00
AFA25GEN-1038-Sunday-00_013200_1..N03R,120N,02:40:30,02:40:30,21,02:40:30
AFA25GEN-1038-Sunday-00_013200_1..N03R,119N,02:42:00,02:42:00,22,02:42:00
AFA25GEN-1038-Sunday-00_013200_1..N03R,118N,02:43:30,02:43:30,23,02:43:30
AFA25GEN-1038-Sunday-00_013200_1..N03R,117N,02:44:30,02:44:30,24,02:44:30
AFA25GEN-1038-Sunday-00_013200_1..N03R,116N,02:46:30,02:46:30,25,02:46:30
AFA25GEN-1038-Sunday-00_013200_1..N03R,115N,02:48:30,02:48:30,26,02:48:30
AFA25GEN-1038-Sunday-00_013200_1..N03R,114N,02:50:00,02:50:00,27,02:50:00
AFA25GEN-1038-Sunday-00_013200_1..N03R,113N,02:52:00,02:52:00,28,02:52:00
AFA25GEN-1038-Sunday-00_013200_1..N03R,112N,02:54:00,02:54:00,29,02:54:00
AFA25GEN-1038-Sunday-00_013200_1..N03R,111N,02:56:00,02:56:00,30,02:56:00
AFA25GEN-1038-Sunday-00_013200_1..N03R,110N,02:57:30,02:57:30,31,02:57:30
AFA25GEN-1038-Sunday-00_013200_1..N03R,109N,02:58:30,02:58:30,32,02:58:30
AFA25GEN-1038-Sunday-00_013200_1..N03R,108N,03:00:00,03:00:00,33,03:00:00
AFA25GEN-1038-Sunday-00_013200_1..N03R,107N,03:01:30,03:01:30,34,03:01:30
AFA25GEN-1038-Sunday-00_013200_1..N03R,106N,03:03:00,03:03:00,35,03:03:00
AFA25GEN-1038-Sunday-00_013200_1..N03R,104N,03:04:30,03:04:30,36,03:04:30
AFA25GEN-1038-Sunday-00_013200_1..N03R,103N,03:06:00,03:09:00,37,03:06:00
AFA25GEN-1038-Sunday-00_013200_1..N03R,101N,03:10:30,03:10:30,38,03:10:30
AFA25GEN-1038-Sunday-00_014600_1..S03R,101S,02:26:00,02:26:00,1,02:26:00
AFA25GEN-1038-Sunday-00_014600_1..S03R,103S,02:27:30,02:27:30,2,02:27:30
AFA25GEN-1038-Sunday-00_014600_1..S03R,104S,02:29:00,02:29:00,3,02:29:00
AFA25GEN-1038-Sunday-00_014600_1..S03R,106S,02:30:30,02:30:30,4,02:30:30
AFA25GEN-1038-Sunday-00_014600_1..S03R,107S,02:32:00,02:32:00,5,02:32:00
AFA25GEN-1038-Sunday-00_014600_1..S03R,108S,02:33:00,02:33:00,6,02:33:00
AFA25GEN-1038-Sunday-00_014600_1..S03R,109S,02:34:30,02:34:30,7,02:34:30
AFA25GEN-1038-Sunday-00_014600_1..S03R,110S,02:36:00,02:36:00,8,02:36:00
AFA25GEN-1038-Sunday-00_014600_1..S03R,111S,02:37:30,02:37:30,9,02:37:30
AFA25GEN-1038-Sunday-00_014600_1..S03R,112S,02:39:30,02:39:30,10,02:39:30
AFA25GEN-1038-Sunday-00_014600_1..S03R,113S,02:41:00,02:41:00,11,02:41:00
AFA25GEN-1038-Sunday-00_014600_1..S03R,114S,02:43:00,02:43:00,12,02:43:00
AFA25GEN-1038-Sunday-00_014600_1..S03R,115S,02:44:30,02:44:30,13,02:44:30
AFA25GEN-1038-Sunday-00_014600_1..S03R,116S,02:46:00,02:46:00,14,02:46:00
AFA25GEN-1038-Sunday-00_014600_1..S03R,117S,02:48:30,02:48:30,15,02:48:30
AFA25GEN-1038-Sunday-00_014600_1..S03R,118S,02:49:30,02:49:30,16,02:49:30
AFA25GEN-1038-Sunday-00_014600_1..S03R,119S,02:50:30,02:50:30,17,02:50:30
AFA25GEN-1038-Sunday-00_014600_1..S03R,120S,02:52:30,02:52:30,18,02:52:30
AFA25GEN-1038-Sunday-00_014600_1..S03R,121S,02:54:30,02:54:30,19,02:54:30
AFA25GEN-1038-Sunday-00_014600_1..S03R,122S,02:55:30,02:55:30,20,02:55:30
AFA25GEN-1038-Sunday-00_014600_1..S03R,123S,02:57:00,02:57:00,21,02:57:00
AFA25GEN-1038-Sunday-00_014600_1..S03R,124S,02:58:30,02:58:30,22,02:58:30
AFA25GEN-1038-Sunday-00_014600_1..S03R,125S,03:00:00,03:00:00,23,03:00:00
AFA25GEN-1038-Sunday-00_014600_1..S03R,126S,03:02:00,03:02:00,24,03:02:00
AFA25GEN-1038-Sunday-00_014600_1..S03R,127S,03:03:30,03:03:30,25,03:03:30
AFA25GEN-1038-Sunday-00_014600_1..S03R,128S,03:05:00,03:05:00,26,03:05:00
AFA25GEN-1038-Sunday-00_014600_1..S03R,129S,03:06:00,03:06:00,27,03:06:00
AFA25GEN-1038-Sunday-00_014600_1..S03R,130S,03:07:00,03:07:00,28,03:07:00
AFA25GEN-1038-Sunday-00_014600_1..S03R,131S,03:08:00,03:08:00,29,03:08:00
AFA25GEN-1038-Sunday-00_014600_1..S03R,132S,03:09:00,03:09:00,30,03:09:00
AFA25GEN-1038-Sunday-00_014600_1..S03R,133S,03:10:30,03:10:30,31,03:10:30
AFA25GEN-1038-Sunday-00_014600_1..S03R,134S,03:12:00,03:12:00,32,03:12:00
AFA25GEN-1038-Sunday-00_014600_1..S03R,135S,03:14:00,03:14:00,33,03:14:00
AFA25GEN-1038-Sunday-00_014600_1..S03R,136S,03:15:00,03:15:00,34,03:15:00
AFA25GEN-1038-Sunday-00_014600_1..S03R,137S,03:16:00,03:19:00,35,03:16:00
AFA25GEN-1038-Sunday-00_014600_1..S03R,138S,03:20:30,03:20:30,36,03:20:30
AFA25GEN-1038-Sunday-00_014600_1..S03R,139S,03:22:00,03:22:00,37,03:22:00
AFA25GEN-1038-Sunday-00_014600_1..S03R,142S,03:24:00,03:24:00,38,03:24:00
AFA25GEN-1038-Sunday-00_015200_1..N03R,142N,02:32:00,02:32:00,1,02:32:00
AFA25GEN-1038-Sunday-00_015200_1..N03R,139N,02:34:30,02:34:30,2,02:34:30
AFA25GEN-1038-Sunday-00_015200_1..N03R,138N,02:35:30,02:35:30,3,02:35:30
AFA25GEN-1038-Sunday-00_015200_1..N03R,137N,02:36:30,02:36:30,4,02:36:30
AFA25GEN-1038-Sunday-00_015200_1..N03R,136N,02:38:00,02:38:00,5,02:38:00
AFA25GEN-1038-Sunday-00_015200_1..N03R,135N,02:39:00,02:39:00,6,02:39:00
AFA25GEN-1038-Sunday-00_015200_1..N03R,134N,02:40:30,02:40:30,7,02:40:30
AFA25GEN-1038-Sunday-00_015200_1..N03R,133N,02:42:00,02:42:00,8,02:42:00
AFA25GEN-1038-Sunday-00_015200_1..N03R,132N,02:43:30,02:43:30,9,02:43:30
AFA25GEN-1038-Sunday-00_015200_1..N03R,131N,02:44:30,02:44:30,10,02:44:30
AFA25GEN-1038-Sunday-00_015200_1..N03R,130N,02:45:30,02:45:30,11,02:45:30
AFA25GEN-1038-Sunday-00_015200_1..N03R,129N,02:46:30,02:46:30,12,02:46:30
AFA25GEN-1038-Sunday-00_015200_1..N03R,128N,02:48:00,02:48:00,13,02:48:00
AFA25GEN-1038-Sunday-00_015200_1..N03R,127N,02:49:30,02:49:30,14,02:49:30
AFA25GEN-1038-Sunday-00_015200_1..N03R,126N,02:51:30,02:51:30,15,02:51:30
AFA25GEN-1038-Sunday-00_015200_1..N03R,125N,02:53:30,02:53:30,16,02:53:30
AFA25GEN-1038-Sunday-00_015200_1..N03R,124N,02:55:00,02:55:00,17,02:55:00
AFA25GEN-1038-Sunday-00_015200_1..N03R,123N,02:56:00,02:56:00,18,02:56:00
AFA25GEN-1038-Sunday-00_015200_1..N03R,122N,02:57:30,02:57:30,19,02:57:30
AFA25GEN-1038-Sunday-00_015200_1..N03R,121N,02:59:00,02:59:00,20,02:59:00
AFA25GEN-1038-Sunday-00_015200_1..N03R,120N,03:00:30,03:00:30,21,03:00:30
AFA25GEN-1038-Sunday-00_015200_1..N03R,119N,03:02:00,03:02:00,22,03:02:00
AFA25GEN-1038-Sunday-00_015200_1..N03R,118N,03:03:30,03:03:30,23,03:03:30
AFA25GEN-1038-Sunday-00_015200_1..N03R,117N,03:04:30,03:04:30,24,03:04:30
AFA25GEN-1038-Sunday-00_015200_1..N03R,116N,03:06:30,03:06:30,25,03:06:30
AFA25GEN-1038-Sunday-00_015200_1..N03R,115N,03:08:30,03:08:30,26,03:08:30
AFA25GEN-1038-Sunday-00_015200_1..N03R,114N,03:10:00,03:10:00,27,03:10:00
AFA25GEN-1038-Sunday-00_015200_1..N03R,113N,03:12:00,03:12:00,28,03:12:00
AFA25GEN-1038-Sunday-00_015200_1..N03R,112N,03:14:00,03:14:00,29,03:14:00
AFA25GEN-1038-Sunday-00_015200_1..N03R,111N,03:16:00,03:16:00,30,03:16:00
AFA25GEN-1038-Sunday-00_015200_1..N03R,110N,03:17:30,03:17:30,31,03:17:30
AFA25GEN-1038-Sunday-00_015200_1..N03R,109N,03:18:30,03:18:30,32,03:18:30
AFA25GEN-1038-Sunday-00_015200_1..N03R,108N,03:20:00,03:20:00,33,03:20:00
AFA25GEN-1038-Sunday-00_015200_1..N03R,107N,03:21:30,03:21:30,34,03:21:30
AFA25GEN-1038-Sunday-00_015200_1..N03R,106N,03:23:00,03:23:00,35,03:23:00
AFA25GEN-1038-Sunday-00_015200_1..N03R,104N,03:24:30,03:24:30,36,03:24:30
AFA25GEN-1038-Sunday-00_015200_1..N03R,103N,03:26:00,03:29:00,37,03:26:00
AFA25GEN-1038-Sunday-00_015200_1..N03R,101N,03:30:30,03:30:30,38,03:30:30
AFA25GEN-1038-Sunday-00_016600_1..S03R,101S,02:46:00,02:46:00,1,02:46:00
AFA25GEN-1038-Sunday-00_016600_1..S03R,103S,02:47:30,02:47:30,2,02:47:30
AFA25GEN-1038-Sunday-00_016600_1..S03R,104S,02:49:00,02:49:00,3,02:49:00
AFA25GEN-1038-Sunday-00_016600_1..S03R,106S,02:50:30,02:50:30,4,02:50:30
AFA25GEN-1038-Sunday-00_016600_1..S03R,107S,02:52:00,02:52:00,5,02:52:00
AFA25GEN-1038-Sunday-00_016600_1..S03R,108S,02:53:00,02:53:00,6,02:53:00
AFA25GEN-1038-Sunday-00_016600_1..S03R,109S,02:54:30,02:54:30,7,02:54:30
AFA25GEN-1038-Sunday-00_016600_1..S03R,110S,02:56:00,02:56:00,8,02:56:00
AFA25GEN-1038-Sunday-00_016600_1..S03R,111S,02:57:30,02:57:30,9,02:57:30
AFA25GEN-1038-Sunday-00_016600_1..S03R,112S,02:59:30,02:59:30,10,02:59:30
AFA25GEN-1038-Sunday-00_016600_1..S03R,113S,03:01:00,03:01:00,11,03:01:00
AFA25GEN-1038-Sunday-00_016600_1..S03R,114S,03:03:00,03:03:00,12,03:03:00
AFA25GEN-1038-Sunday-00_016600_1..S03R,115S,03:04:30,03:04:30,13,03:04:30
AFA25GEN-1038-Sunday-00_016600_1..S03R,116S,03:06:00,03:06:00,14,03:06:00
AFA25GEN-1038-Sunday-00_016600_1..S03R,117S,03:08:30,03:08:30,15,03:08:30
AFA25GEN-1038-Sunday-00_016600_1..S03R,118S,03:09:30,03:09:30,16,03:09:30
AFA25GEN-1038-Sunday-00_016600_1..S03R,119S,03:10:30,03:10:30,17,03:10:30
AFA25GEN-1038-Sunday-00_016600_1..S03R,120S,03:12:30,03:12:30,18,03:12:30
AFA25GEN-1038-Sunday-00_016600_1..S03R,121S,03:14:30,03:14:30,19,03:14:30
AFA25GEN-1038-Sunday-00_016600_1..S03R,122S,03:15:30,03:15:30,20,03:15:30
AFA25GEN-1038-Sunday-00_016600_1..S03R,123S,03:17:00,03:17:00,21,03:17:00
AFA25GEN-1038-Sunday-00_016600_1..S03R,124S,03:18:30,03:18:30,22,03:18:30
AFA25GEN-1038-Sunday-00_016600_1..S03R,125S,03:20:00,03:20:00,23,03:20:00
AFA25GEN-1038-Sunday-00_016600_1..S03R,126S,03:22:00,03:22:00,24,03:22:00
AFA25GEN-1038-Sunday-00_016600_1..S03R,127S,03:23:30,03:23:30,25,03:23:30
AFA25GEN-1038-Sunday-00_016600_1..S03R,128S,03:25:00,03:25:00,26,03:25:00
AFA25GEN-1038-Sunday-00_016600_1..S03R,129S,03:26:00,03:26:00,27,03:26:00
AFA25GEN-1038-Sunday-00_016600_1..S03R,130S,03:27:00,03:27:00,28,03:27:00
AFA25GEN-1038-Sunday-00_016600_1..S03R,131S,03:28:00,03:28:00,29,03:28:00
AFA25GEN-1038-Sunday-00_016600_1..S03R,132S,03:29:00,03:29:00,30,03:29:00
AFA25GEN-1038-Sunday-00_016600_1..S03R,133S,03:30:30,03:30:30,31,03:30:30
AFA25GEN-1038-Sunday-00_016600_1..S03R,134S,03:32:00,03:32:00,32,03:32:00
AFA25GEN-1038-Sunday-00_016600_1..S03R,135S,03:34:00,03:34:00,33,03:34:00
AFA25GEN-1038-Sunday-00_016600_1..S03R,136S,03:35:00,03:35:00,34,03:35:00
AFA25GEN-1038-Sunday-00_016600_1..S03R,137S,03:36:00,03:39:00,35,03:36:00
AFA25GEN-1038-Sunday-00_016600_1..S03R,138S,03:40:30,03:40:30,36,03:40:30
AFA25GEN-1038-Sunday-00_016600_1..S03R,139S,03:42:00,03:42:00,37,03:42:00
AFA25GEN-1038-Sunday-00_016600_1..S03R,142S,03:44:00,03:44:00,38,03:44:00
AFA25GEN-1038-Sunday-00_017200_1..N03R,142N,02:52:00,02:52:00,1,02:52:00
AFA25GEN-1038-Sunday-00_017200_1..N03R,139N,02:54:30,02:54:30,2,02:54:30
AFA25GEN-1038-Sunday-00_017200_1..N03R,138N,02:55:30,02:55:30,3,02:55:30
AFA25GEN-1038-Sunday-00_017200_1..N03R,137N,02:56:30,02:56:30,4,02:56:30
AFA25GEN-1038-Sunday-00_017200_1..N03R,136N,02:58:00,02:58:00,5,02:58:00
AFA25GEN-1038-Sunday-00_017200_1..N03R,135N,02:59:00,02:59:00,6,02:59:00
AFA25GEN-1038-Sunday-00_017200_1..N03R,134N,03:00:30,03:00:30,7,03:00:30
AFA25GEN-1038-Sunday-00_017200_1..N03R,133N,03:02:00,03:02:00,8,03:02:00
AFA25GEN-1038-Sunday-00_017200_1..N03R,132N,03:03:30,03:03:30,9,03:03:30
AFA25GEN-1038-Sunday-00_017200_1..N03R,131N,03:04:30,03:04:30,10,03:04:30
AFA25GEN-1038-Sunday-00_017200_1..N03R,130N,03:05:30,03:05:30,11,03:05:30
AFA25GEN-1038-Sunday-00_017200_1..N03R,129N,03:06:30,03:06:30,12,03:06:30
AFA25GEN-1038-Sunday-00_017200_1..N03R,128N,03:08:00,03:08:00,13,03:08:00
AFA25GEN-1038-Sunday-00_017200_1..N03R,127N,03:09:30,03:09:30,14,03:09:30
AFA25GEN-1038-Sunday-00_017200_1..N03R,126N,03:11:30,03:11:30,15,03:11:30
AFA25GEN-1038-Sunday-00_017200_1..N03R,125N,03:13:30,03:13:30,16,03:13:30
AFA25GEN-1038-Sunday-00_017200_1..N03R,124N,03:15:00,03:15:00,17,03:15:00
AFA25GEN-1038-Sunday-00_017200_1..N03R,123N,03:16:00,03:16:00,18,03:16:00
AFA25GEN-1038-Sunday-00_017200_1..N03R,122N,03:17:30,03:17:30,19,03:17:30
AFA25GEN-1038-Sunday-00_017200_1..N03R,121N,03:19:00,03:19:00,20,03:19:00
AFA25GEN-1038-Sunday-00_017200_1..N03R,120N,03:20:30,03:20:30,21,03:20:30
AFA25GEN-1038-Sunday-00_017200_1..N03R,119N,03:22:00,03:22:00,22,03:22:00
AFA25GEN-1038-Sunday-00_017200_1..N03R,118N,03:23:30,03:23:30,23,03:23:30
AFA25GEN-1038-Sunday-00_017200_1..N03R,117N,03:24:30,03:24:30,24,03:24:30
AFA25GEN-1038-Sunday-00_017200_1..N03R,116N,03:26:30,03:26:30,25,03:26:30
AFA25GEN-1038-Sunday-00_017200_1..N03R,115N,03:28:30,03:28:30,26,03:28:30
AFA25GEN-1038-Sunday-00_017200_1..N03R,114N,03:30:00,03:30:00,27,03:30:00
AFA25GEN-1038-Sunday-00_017200_1..N03R,113N,03:32:00,03:32:00,28,03:32:00
AFA25GEN-1038-Sunday-00_017200_1..N03R,112N,03:34:00,03:34:00,29,03:34:00
AFA25GEN-1038-Sunday-00_017200_1..N03R,111N,03:36:00,03:36:00,30,03:36:00
AFA25GEN-1038-Sunday-00_017200_1..N03R,110N,03:37:30,03:37:30,31,03:37:30
AFA25GEN-1038-Sunday-00_017200_1..N03R,109N,03:38:30,03:38:30,32,03:38:30
AFA25GEN-1038-Sunday-00_017200_1..N03R,108N,03:40:00,03:40:00,33,03:40:00
AFA25GEN-1038-Sunday-00_017200_1..N03R,107N,03:41:30,03:41:30,34,03:41:30
AFA25GEN-1038-Sunday-00_017200_1..N03R,106N,03:43:00,03:43:00,35,03:43:00
AFA25GEN-1038-Sunday-00_017200_1..N03R,104N,03:44:30,03:44:30,36,03:44:30
AFA25GEN-1038-Sunday-00_017200_1..N03R,103N,03:46:00,03:49:00,37,03:46:00
AFA25GEN-1038-Sunday-00_017200_1..N03R,101N,03:50:30,03:50:30,38,03:50:30
AFA25GEN-1038-Sunday-00_018600_1..S03R,101S,03:06:00,03:06:00,1,03:06:00
AFA25GEN-1038-Sunday-00_018600_1..S03R,103S,03:07:30,03:07:30,2,03:07:30
AFA25GEN-1038-Sunday-00_018600_1..S03R,104S,03:09:00,03:09:00,3,03:09:00
AFA25GEN-1038-Sunday-00_018600_1..S03R,106S,03:10:30,03:10:30,4,03:10:30
AFA25GEN-1038-Sunday-00_018600_1..S03R,107S,03:12:00,03:12:00,5,03:12:00
AFA25GEN-1038-Sunday-00_018600_1..S03R,108S,03:13:00,03:13:00,6,03:13:00
AFA25GEN-1038-Sunday-00_018600_1..S03R,109S,03:14:30,03:14:30,7,03:14:30
AFA25GEN-1038-Sunday-00_018600_1..S03R,110S,03:16:00,03:16:00,8,03:16:00
AFA25GEN-1038-Sunday-00_018600_1..S03R,111S,03:17:30,03:17:30,9,03:17:30
AFA25GEN-1038-Sunday-00_018600_1..S03R,112S,03:19:30,03:19:30,10,03:19:30
AFA25GEN-1038-Sunday-00_018600_1..S03R,113S,03:21:00,03:21:00,11,03:21:00
AFA25GEN-1038-Sunday-00_018600_1..S03R,114S,03:23:00,03:23:00,12,03:23:00
AFA25GEN-1038-Sunday-00_018600_1..S03R,115S,03:24:30,03:24:30,13,03:24:30
AFA25GEN-1038-Sunday-00_018600_1..S03R,116S,03:26:00,03:26:00,14,03:26:00
AFA25GEN-1038-Sunday-00_018600_1..S03R,117S,03:28:30,03:28:30,15,03:28:30
AFA25GEN-1038-Sunday-00_018600_1..S03R,118S,03:29:30,03:29:30,16,03:29:30
AFA25GEN-1038-Sunday-00_018600_1..S03R,119S,03:30:30,03:30:30,17,03:30:30
AFA25GEN-1038-Sunday-00_018600_1..S03R,120S,03:32:30,03:32:30,18,03:32:30
AFA25GEN-1038-Sunday-00_018600_1..S03R,121S,03:34:30,03:34:30,19,03:34:30
AFA25GEN-1038-Sunday-00_018600_1..S03R,122S,03:35:30,03:35:30,20,03:35:30
AFA25GEN-1038-Sunday-00_018600_1..S03R,123S,03:37:00,03:37:00,21,03:37:00
AFA25GEN-1038-Sunday-00_018600_1..S03R,124S,03:38:30,03:38:30,22,03:38:30
AFA25GEN-1038-Sunday-00_018600_1..S03R,125S,03:40:00,03:40:00,23,03:40:00
AFA25GEN-1038-Sunday-00_018600_1..S03R,126S,03:42:00,03:42:00,24,03:42:00
AFA25GEN-1038-Sunday-00_018600_1..S03R,127S,03:43:30,03:43:30,25,03:43:30
AFA25GEN-1038-Sunday-00_018600_1..S03R,128S,03:45:00,03:45:00,26,03:45:00
AFA25GEN-1038-Sunday-00_018600_1..S03R,129S,03:46:00,03:46:00,27,03:46:00
AFA25GEN-1038-Sunday-00_018600_1..S03R,130S,03:47:00,03:47:00,28,03:47:00
AFA25GEN-1038-Sunday-00_018600_1..S03R,131S,03:48:00,03:48:00,29,03:48:00
AFA25GEN-1038-Sunday-00_018600_1..S03R,132S,03:49:00,03:49:00,30,03:49:00
AFA25GEN-1038-Sunday-00_018600_1..S03R,133S,03:50:30,03:50:30,31,03:50:30
AFA25GEN-1038-Sunday-00_018600_1..S03R,134S,03:52:00,03:52:00,32,03:52:00
AFA25GEN-1038-Sunday-00_018600_1..S03R,135S,03:54:00,03:54:00,33,03:54:00
AFA25GEN-1038-Sunday-00_018600_1..S03R,136S,03:55:00,03:55:00,34,03:55:00
AFA25GEN-1038-Sunday-00_018600_1..S03R,137S,03:56:00,03:59:00,35,03:56:00
AFA25GEN-1038-Sunday-00_018600_1..S03R,138S,04:00:30,04:00:30,36,04:00:30
AFA25GEN-1038-Sunday-00_018600_1..S03R,139S,04:02:00,04:02:00,37,04:02:00
AFA25GEN-1038-Sunday-00_018600_1..S03R,142S,04:04:00,04:04:00,38,04:04:00
AFA25GEN-1038-Sunday-00_019200_1..N03R,142N,03:12:00,03:12:00,1,03:12:00
AFA25GEN-1038-Sunday-00_019200_1..N03R,139N,03:14:30,03:14:30,2,03:14:30
AFA25GEN-1038-Sunday-00_019200_1..N03R,138N,03:15:30,03:15:30,3,03:15:30
AFA25GEN-1038-Sunday-00_019200_1..N03R,137N,03:16:30,03:16:30,4,03:16:30
AFA25GEN-1038-Sunday-00_019200_1..N03R,136N,03:18:00,03:18:00,5,03:18:00
AFA25GEN-1038-Sunday-00_019200_1..N03R,135N,03:19:00,03:19:00,6,03:19:00
AFA25GEN-1038-Sunday-00_019200_1..N03R,134N,03:20:30,03:20:30,7,03:20:30
AFA25GEN-1038-Sunday-00_019200_1..N03R,133N,03:22:00,03:22:00,8,03:22:00
AFA25GEN-1038-Sunday-00_019200_1..N03R,132N,03:23:30,03:23:30,9,03:23:30
AFA25GEN-1038-Sunday-00_019200_1..N03R,131N,03:24:30,03:24:30,10,03:24:30
AFA25GEN-1038-Sunday-00_019200_1..N03R,130N,03:25:30,03:25:30,11,03:25:30
AFA25GEN-1038-Sunday-00_019200_1..N03R,129N,03:26:30,03:26:30,12,03:26:30
AFA25GEN-1038-Sunday-00_019200_1..N03R,128N,03:28:00,03:28:00,13,03:28:00
AFA25GEN-1038-Sunday-00_019200_1..N03R,127N,03:29:30,03:29:30,14,03:29:30
AFA25GEN-1038-Sunday-00_019200_1..N03R,126N,03:31:30,03:31:30,15,03:31:30
AFA25GEN-1038-Sunday-00_019200_1..N03R,125N,03:33:30,03:33:30,16,03:33:30
AFA25GEN-1038-Sunday-00_019200_1..N03R,124N,03:35:00,03:35:00,17,03:35:00
AFA25GEN-1038-Sunday-00_019200_1..N03R,123N,03:36:00,03:36:00,18,03:36:00
AFA25GEN-1038-Sunday-00_019200_1..N03R,122N,03:37:30,03:37:30,19,03:37:30
AFA25GEN-1038-Sunday-00_019200_1..N03R,121N,03:39:00,03:39:00,20,03:39:00
AFA25GEN-1038-Sunday-00_019200_1..N03R,120N,03:40:30,03:40:30,21,03:40:30
AFA25GEN-1038-Sunday-00_019200_1..N03R,119N,03:42:00,03:42:00,22,03:42:00
AFA25GEN-1038-Sunday-00_019200_1..N03R,118N,03:43:30,03:43:30,23,03:43:30
AFA25GEN-1038-Sunday-00_019200_1..N03R,117N,03:44:30,03:44:30,24,03:44:30
AFA25GEN-1038-Sunday-00_019200_1..N03R,116N,03:46:30,03:46:30,25,03:46:30
AFA25GEN-1038-Sunday-00_019200_1..N03R,115N,03:48:30,03:48:30,26,03:48:30
AFA25GEN-1038-Sunday-00_019200_1..N03R,114N,03:50:00,03:50:00,27,03:50:00
AFA25GEN-1038-Sunday-00_019200_1..N03R,113N,03:52:00,03:52:00,28,03:52:00
AFA25GEN-1038-Sunday-00_019200_1..N03R,112N,03:54:00,03:54:00,29,03:54:00
AFA25GEN-1038-Sunday-00_019200_1..N03R,111N,03:56:00,03:56:00,30,03:56:00
AFA25GEN-1038-Sunday-00_019200_1..N03R,110N,03:57:30,03:57:30,31,03:57:30
AFA25GEN-1038-Sunday-00_019200_1..N03R,109N,03:58:30,03:58:30,32,03:58:30
AFA25GEN-1038-Sunday-00_019200_1..N03R,108N,04:00:00,04:00:00,33,04:00:00
AFA25GEN-1038-Sunday-00_019200_1..N03R,107N,04:01:30,04:01:30,34,04:01:30
AFA25GEN-1038-Sunday-00_019200_1..N03R,106N,04:03:00,04:03:00,35,04:03:00
AFA25GEN-1038-Sunday-00_019200_1..N03R,104N,04:04:30,04:04:30,36,04:04:30
AFA25GEN-1038-Sunday-00_019200_1..N03R,103N,04:06:00,04:09:00,37,04:06:00
AFA25GEN-1038-Sunday-00_019200_1..N03R,101N,04:10:30,04:10:30,38,04:10:30
AFA25GEN-1038-Sunday-00_020600_1..S03R,101S,03:26:00,03:26:00,1,03:26:00
AFA25GEN-1038-Sunday-00_020600_1..S03R,103S,03:27:30,03:27:30,2,03:27:30
AFA25GEN-1038-Sunday-00_020600_1..S03R,104S,03:29:00,03:29:00,3,03:29:00
AFA25GEN-1038-Sunday-00_020600_1..S03R,106S,03:30:30,03:30:30,4,03:30:30
AFA25GEN-1038-Sunday-00_020600_1..S03R,107S,03:32:00,03:32:00,5,03:32:00
AFA25GEN-1038-Sunday-00_020600_1..S03R,108S,03:33:00,03:33:00,6,03:33:00
AFA25GEN-1038-Sunday-00_020600_1..S03R,109S,03:34:30,03:34:30,7,03:34:30
AFA25GEN-1038-Sunday-00_020600_1..S03R,110S,03:36:00,03:36:00,8,03:36:00
AFA25GEN-1038-Sunday-00_020600_1..S03R,111S,03:37:30,03:37:30,9,03:37:30
AFA25GEN-1038-Sunday-00_020600_1..S03R,112S,03:39:30,03:39:30,10,03:39:30
AFA25GEN-1038-Sunday-00_020600_1..S03R,113S,03:41:00,03:41:00,11,03:41:00
AFA25GEN-1038-Sunday-00_020600_1..S03R,114S,03:43:00,03:43:00,12,03:43:00
AFA25GEN-1038-Sunday-00_020600_1..S03R,115S,03:44:30,03:44:30,13,03:44:30
AFA25GEN-1038-Sunday-00_020600_1..S03R,116S,03:46:00,03:46:00,14,03:46:00
AFA25GEN-1038-Sunday-00_020600_1..S03R,117S,03:48:30,03:48:30,15,03:48:30
AFA25GEN-1038-Sunday-00_020600_1..S03R,118S,03:49:30,03:49:30,16,03:49:30
AFA25GEN-1038-Sunday-00_020600_1..S03R,119S,03:50:30,03:50:30,17,03:50:30
AFA25GEN-1038-Sunday-00_020600_1..S03R,120S,03:52:30,03:52:30,18,03:52:30
AFA25GEN-1038-Sunday-00_020600_1..S03R,121S,03:54:30,03:54:30,19,03:54:30
AFA25GEN-1038-Sunday-00_020600_1..S03R,122S,03:55:30,03:55:30,20,03:55:30
AFA25GEN-1038-Sunday-00_020600_1..S03R,123S,03:57:00,03:57:00,21,03:57:00
AFA25GEN-1038-Sunday-00_020600_1..S03R,124S,03:58:30,03:58:30,22,03:58:30
AFA25GEN-1038-Sunday-00_020600_1..S03R,125S,04:00:00,04:00:00,23,04:00:00
AFA25GEN-1038-Sunday-00_020600_1..S03R,126S,04:02:00,04:02:00,24,04:02:00
AFA25GEN-1038-Sunday-00_020600_1..S03R,127S,04:03:30,04:03:30,25,04:03:30
AFA25GEN-1038-Sunday-00_020600_1..S03R,128S,04:05:00,04:05:00,26,04:05:00
AFA25GEN-1038-Sunday-00_020600_1..S03R,129S,04:06:00,04:06:00,27,04:06:00
AFA25GEN-1038-Sunday-00_020600_1..S03R,130S,04:07:00,04:07:00,28,04:07:00
AFA25GEN-1038-Sunday-00_020600_1..S03R,131S,04:08:00,04:08:00,29,04:08:00
AFA25GEN-1038-Sunday-00_020600_1..S03R,132S,04:09:00,04:09:00,30,04:09:00
AFA25GEN-1038-Sunday-00_020600_1..S03R,133S,04:10:30,04:10:30,31,04:10:30
AFA25GEN-1038-Sunday-00_020600_1..S03R,134S,04:12:00,04:12:00,32,04:12:00
AFA25GEN-1038-Sunday-00_020600_1..S03R,135S,04:14:00,04:14:00,33,04:14:00
AFA25GEN-1038-Sunday-00_020600_1..S03R,136S,04:15:00,04:15:00,34,04:15:00
AFA25GEN-1038-Sunday-00_020600_1..S03R,137S,04:16:00,04:19:00,35,04:16:00
AFA25GEN-1038-Sunday-00_020600_1..S03R,138S,04:20:30,04:20:30,36,04:20:30
AFA25GEN-1038-Sunday-00_020600_1..S03R,139S,04:22:00,04:22:00,37,04:22:00
AFA25GEN-1038-Sunday-00_020600_1..S03R,142S,04:24:00,04:24:00,38,04:24:00
AFA25GEN-1038-Sunday-00_021200_1..N03R,142N,03:32:00,03:32:00,1,03:32:00
AFA25GEN-1038-Sunday-00_021200_1..N03R,139N,03:34:30,03:34:30,2,03:34:30
AFA25GEN-1038-Sunday-00_021200_1..N03R,138N,03:35:30,03:35:30,3,03:35:30
AFA25GEN-1038-Sunday-00_021200_1..N03R,137N,03:36:30,03:36:30,4,03:36:30
AFA25GEN-1038-Sunday-00_021200_1..N03R,136N,03:38:00,03:38:00,5,03:38:00
AFA25GEN-1038-Sunday-00_021200_1..N03R,135N,03:39:00,03:39:00,6,03:39:00
AFA25GEN-1038-Sunday-00_021200_1..N03R,134N,03:40:30,03:40:30,7,03:40:30
AFA25GEN-1038-Sunday-00_021200_1..N03R,133N,03:42:00,03:42:00,8,03:42:00
AFA25GEN-1038-Sunday-00_021200_1..N03R,132N,03:43:30,03:43:30,9,03:43:30
AFA25GEN-1038-Sunday-00_021200_1..N03R,131N,03:44:30,03:44:30,10,03:44:30
AFA25GEN-1038-Sunday-00_021200_1..N03R,130N,03:45:30,03:45:30,11,03:45:30
AFA25GEN-1038-Sunday-00_021200_1..N03R,129N,03:46:30,03:46:30,12,03:46:30
AFA25GEN-1038-Sunday-00_021200_1..N03R,128N,03:48:00,03:48:00,13,03:48:00
AFA25GEN-1038-Sunday-00_021200_1..N03R,127N,03:49:30,03:49:30,14,03:49:30
AFA25GEN-1038-Sunday-00_021200_1..N03R,126N,03:51:30,03:51:30,15,03:51:30
AFA25GEN-1038-Sunday-00_021200_1..N03R,125N,03:53:30,03:53:30,16,03:53:30
AFA25GEN-1038-Sunday-00_021200_1..N03R,124N,03:55:00,03:55:00,17,03:55:00
AFA25GEN-1038-Sunday-00_021200_1..N03R,123N,03:56:00,03:56:00,18,03:56:00
AFA25GEN-1038-Sunday-00_021200_1..N03R,122N,03:57:30,03:57:30,19,03:57:30
AFA25GEN-1038-Sunday-00_021200_1..N03R,121N,03:59:00,03:59:00,20,03:59:00
AFA25GEN-1038-Sunday-00_021200_1..N03R,120N,04:00:30,04:00:30,21,04:00:30
AFA25GEN-1038-Sunday-00_021200_1..N03R,119N,04:02:00,04:02:00,22,04:02:00
AFA25GEN-1038-Sunday-00_021200_1..N03R,118N,04:03:30,04:03:30,23,04:03:30
AFA25GEN-1038-Sunday-00_021200_1..N03R,117N,04:04:30,04:04:30,24,04:04:30
AFA25GEN-1038-Sunday-00_021200_1..N03R,116N,04:06:30,04:06:30,25,04:06:30
AFA25GEN-1038-Sunday-00_021200_1..N03R,115N,04:08:30,04:08:30,26,04:08:30
AFA25GEN-1038-Sunday-00_021200_1..N03R,114N,04:10:00,04:10:00,27,04:10:00
AFA25GEN-1038-Sunday-00_021200_1..N03R,113N,04:12:00,04:12:00,28,04:12:00
AFA25GEN-1038-Sunday-00_021200_1..N03R,112N,04:14:00,04:14:00,29,04:14:00
AFA25GEN-1038-Sunday-00_021200_1..N03R,111N,04:16:00,04:16:00,30,04:16:00
AFA25GEN-1038-Sunday-00_021200_1..N03R,110N,04:17:30,04:17:30,31,04:17:30
AFA25GEN-1038-Sunday-00_021200_1..N03R,109N,04:18:30,04:18:30,32,04:18:30
AFA25GEN-1038-Sunday-00_021200_1..N03R,108N,04:20:00,04:20:00,33,04:20:00
AFA25GEN-1038-Sunday-00_021200_1..N03R,107N,04:21:30,04:21:30,34,04:21:30
AFA25GEN-1038-Sunday-00_021200_1..N03R,106N,04:23:00,04:23:00,35,04:23:00
AFA25GEN-1038-Sunday-00_021200_1..N03R,104N,04:24:30,04:24:30,36,04:24:30
AFA25GEN-1038-Sunday-00_021200_1..N03R,103N,04:26:00,04:29:00,37,04:26:00
AFA25GEN-1038-Sunday-00_021200_1..N03R,101N,04:30:30,04:30:30,38,04:30:30
AFA25GEN-1038-Sunday-00_022600_1..S03R,101S,03:46:00,03:46:00,1,03:46:00
AFA25GEN-1038-Sunday-00_022600_1..S03R,103S,03:47:30,03:47:30,2,03:47:30
AFA25GEN-1038-Sunday-00_022600_1..S03R,104S,03:49:00,03:49:00,3,03:49:00
AFA25GEN-1038-Sunday-00_022600_1..S03R,106S,03:50:30,03:50:30,4,03:50:30
AFA25GEN-1038-Sunday-00_022600_1..S03R,107S,03:52:00,03:52:00,5,03:52:00
AFA25GEN-1038-Sunday-00_022600_1..S03R,108S,03:53:00,03:53:00,6,03:53:00
AFA25GEN-1038-Sunday-00_022600_1..S03R,109S,03:54:30,03:54:30,7,03:54:30
AFA25GEN-1038-Sunday-00_022600_1..S03R,110S,03:56:00,03:56:00,8,03:56:00
AFA25GEN-1038-Sunday-00_022600_1..S03R,111S,03:57:30,03:57:30,9,03:57:30
AFA25GEN-1038-Sunday-00_022600_1..S03R,112S,03:59:30,03:59:30,10,03:59:30
AFA25GEN-1038-Sunday-00_022600_1..S03R,113S,04:01:00,04:01:00,11,04:01:00
AFA25GEN-1038-Sunday-00_022600_1..S03R,114S,04:03:00,04:03:00,12,04:03:00
AFA25GEN-1038-Sunday-00_022600_1..S03R,115S,04:04:30,04:04:30,13,04:04:30
AFA25GEN-1038-Sunday-00_022600_1..S03R,116S,04:06:00,04:06:00,14,04:06:00
AFA25GEN-1038-Sunday-00_022600_1..S03R,117S,04:08:30,04:08:30,15,04:08:30
AFA25GEN-1038-Sunday-00_022600_1..S03R,118S,04:09:30,04:09:30,16,04:09:30
AFA25GEN-1038-Sunday-00_022600_1..S03R,119S,04:10:30,04:10:30,17,04:10:30
AFA25GEN-1038-Sunday-00_022600_1..S03R,120S,04:12:30,04:12:30,18,04:12:30
AFA25GEN-1038-Sunday-00_022600_1..S03R,121S,04:14:30,04:14:30,19,04:14:30
AFA25GEN-1038-Sunday-00_022600_1..S03R,122S,04:15:30,04:15:30,20,04:15:30
AFA25GEN-1038-Sunday-00_022600_1..S03R,123S,04:17:00,04:17:00,21,04:17:00
AFA25GEN-1038-Sunday-00_022600_1..S03R,124S,04:18:30,04:18:30,22,04:18:30
AFA25GEN-1038-Sunday-00_022600_1..S03R,125S,04:20:00,04:20:00,23,04:20:00
AFA25GEN-1038-Sunday-00_022600_1..S03R,126S,04:22:00,04:22:00,24,04:22:00
AFA25GEN-1038-Sunday-00_022600_1..S03R,127S,04:23:30,04:23:30,25,04:23:30
AFA25GEN-1038-Sunday-00_022600_1..S03R,128S,04:25:00,04:25:00,26,04:25:00
AFA25GEN-1038-Sunday-00_022600_1..S03R,129S,04:26:00,04:26:00,27,04:26:00
AFA25GEN-1038-Sunday-00_022600_1..S03R,130S,04:27:00,04:27:00,28,04:27:00
AFA25GEN-1038-Sunday-00_022600_1..S03R,131S,04:28:00,04:28:00,29,04:28:00
AFA25GEN-1038-Sunday-00_022600_1..S03R,132S,04:29:00,04:29:00,30,04:29:00
AFA25GEN-1038-Sunday-00_022600_1..S03R,133S,04:30:30,04:30:30,31,04:30:30
AFA25GEN-1038-Sunday-00_022600_1..S03R,134S,04:32:00,04:32:00,32,04:32:00
AFA25GEN-1038-Sunday-00_022600_1..S03R,135S,04:34:00,04:34:00,33,04:34:00
AFA25GEN-1038-Sunday-00_022600_1..S03R,136S,04:35:00,04:35:00,34,04:35:00
AFA25GEN-1038-Sunday-00_022600_1..S03R,137S,04:36:00,04:39:00,35,04:36:00
AFA25GEN-1038-Sunday-00_022600_1..S03R,138S,04:40:30,04:40:30,36,04:40:30
AFA25GEN-1038-Sunday-00_022600_1..S03R,139S,04:42:00,04:42:00,37,04:42:00
AFA25GEN-1038-Sunday-00_022600_1..S03R,142S,04:44:00,04:44:00,38,04:44:00
AFA25GEN-1038-Sunday-00_023200_1..N03R,142N,03:52:00,03:52:00,1,03:52:00
AFA25GEN-1038-Sunday-00_023200_1..N03R,139N,03:54:30,03:54:30,2,03:54:30
AFA25GEN-1038-Sunday-00_023200_1..N03R,138N,03:55:30,03:55:30,3,03:55:30
AFA25GEN-1038-Sunday-00_023200_1..N03R,137N,03:56:30,03:56:30,4,03:56:30
AFA25GEN-1038-Sunday-00_023200_1..N03R,136N,03:58:00,03:58:00,5,03:58:00
AFA25GEN-1038-Sunday-00_023200_1..N03R,135N,03:59:00,03:59:00,6,03:59:00
AFA25GEN-1038-Sunday-00_023200_1..N03R,134N,04:00:30,04:00:30,7,04:00:30
AFA25GEN-1038-Sunday-00_023200_1..N03R,133N,04:02:00,04:02:00,8,04:02:00
AFA25GEN-1038-Sunday-00_023200_1..N03R,132N,04:03:30,04:03:30,9,04:03:30
AFA25GEN-1038-Sunday-00_023200_1..N03R,131N,04:04:30,04:04:30,10,04:04:30
AFA25GEN-1038-Sunday-00_023200_1..N03R,130N,04:05:30,04:05:30,11,04:05:30
AFA25GEN-1038-Sunday-00_023200_1..N03R,129N,04:06:30,04:06:30,12,04:06:30
AFA25GEN-1038-Sunday-00_023200_1..N03R,128N,04:08:00,04:08:00,13,04:08:00
AFA25GEN-1038-Sunday-00_023200_1..N03R,127N,04:09:30,04:09:30,14,04:09:30
AFA25GEN-1038-Sunday-00_023200_1..N03R,126N,04:11:30,04:11:30,15,04:11:30
AFA25GEN-1038-Sunday-00_023200_1..N03R,125N,04:13:30,04:13:30,16,04:13:30
AFA25GEN-1038-Sunday-00_023200_1..N03R,124N,04:15:00,04:15:00,17,04:15:00
AFA25GEN-1038-Sunday-00_023200_1..N03R,123N,04:16:00,04:16:00,18,04:16:00
AFA25GEN-1038-Sunday-00_023200_1..N03R,122N,04:17:30,04:17:30,19,04:17:30
AFA25GEN-1038-Sunday-00_023200_1..N03R,121N,04:19:00,04:19:00,20,04:19:00
AFA25GEN-1038-Sunday-00_023200_1..N03R,120N,04:20:30,04:20:30,21,04:20:30
AFA25GEN-1038-Sunday-00_023200_1..N03R,119N,04:22:00,04:22:00,22,04:22:00
AFA25GEN-1038-Sunday-00_023200_1..N03R,118N,04:23:30,04:23:30,23,04:23:30
AFA25GEN-1038-Sunday-00_023200_1..N03R,117N,04:24:30,04:24:30,24,04:24:30
AFA25GEN-1038-Sunday-00_023200_1..N03R,116N,04:26:30,04:26:30,25,04:26:30
AFA25GEN-1038-Sunday-00_023200_1..N03R,115N,04:28:30,04:28:30,26,04:28:30
AFA25GEN-1038-Sunday-00_023200_1..N03R,114N,04:30:00,04:30:00,27,04:30:00
AFA25GEN-1038-Sunday-00_023200_1..N03R,113N,04:32:00,04:32:00,28,04:32:00
AFA25GEN-1038-Sunday-00_023200_1..N03R,112N,04:34:00,04:34:00,29,04:34:00
AFA25GEN-1038-Sunday-00_023200_1..N03R,111N,04:36:00,04:36:00,30,04:36:00
AFA25GEN-1038-Sunday-00_023200_1..N03R,110N,04:37:30,04:37:30,31,04:37:30
AFA25GEN-1038-Sunday-00_023200_1..N03R,109N,04:38:30,04:38:30,32,04:38:30
AFA25GEN-1038-Sunday-00_023200_1..N03R,108N,04:40:00,04:40:00,33,04:40:00
AFA25GEN-1038-Sunday-00_023200_1..N03R,107N,04:41:30,04:41:30,34,04:41:30
AFA25GEN-1038-Sunday-00_023200_1..N03R,106N,04:43:00,04:43:00,35,04:43:00
AFA25GEN-1038-Sunday-00_023200_1..N03R,104N,04:44:30,04:44:30,36,04:44:30
AFA25GEN-1038-Sunday-00_023200_1..N03R,103N,04:46:00,04:49:00,37,04:46:00
AFA25GEN-1038-Sunday-00_023200_1..N03R,101N,04:50:30,04:50:30,38,04:50:30
AFA25GEN-1038-Sunday-00_024600_1..S03R,101S,04:06:00,04:06:00,1,04:06:00
AFA25GEN-1038-Sunday-00_024600_1..S03R,103S,04:07:30,04:07:30,2,04:07:30
AFA25GEN-1038-Sunday-00_024600_1..S03R,104S,04:09:00,04:09:00,3,04:09:00
AFA25GEN-1038-Sunday-00_024600_1..S03R,106S,04:10:30,04:10:30,4,04:10:30
AFA25GEN-1038-Sunday-00_024600_1..S03R,107S,04:12:00,04:12:00,5,04:12:00
AFA25GEN-1038-Sunday-00_024600_1..S03R,108S,04:13:00,04:13:00,6,04:13:00
AFA25GEN-1038-Sunday-00_024600_1..S03R,109S,04:14:30,04:14:30,7,04:14:30
AFA25GEN-1038-Sunday-00_024600_1..S03R,110S,04:16:00,04:16:00,8,04:16:00
AFA25GEN-1038-Sunday-00_024600_1..S03R,111S,04:17:30,04:17:30,9,04:17:30
AFA25GEN-1038-Sunday-00_024600_1..S03R,112S,04:19:30,04:19:30,10,04:19:30
AFA25GEN-1038-Sunday-00_024600_1..S03R,113S,04:21:00,04:21:00,11,04:21:00
AFA25GEN-1038-Sunday-00_024600_1..S03R,114S,04:23:00,04:23:00,12,04:23:00
AFA25GEN-1038-Sunday-00_024600_1..S03R,115S,04:24:30,04:24:30,13,04:24:30
AFA25GEN-1038-Sunday-00_024600_1..S03R,116S,04:26:00,04:26:00,14,04:26:00
AFA25GEN-1038-Sunday-00_024600_1..S03R,117S,04:28:30,04:28:30,15,04:28:30
AFA25GEN-1038-Sunday-00_024600_1..S03R,118S,04:29:30,04:29:30,16,04:29:30
AFA25GEN-1038-Sunday-00_024600_1..S03R,119S,04:30:30,04:30:30,17,04:30:30
AFA25GEN-1038-Sunday-00_024600_1..S03R,120S,04:32:30,04:32:30,18,04:32:30
AFA25GEN-1038-Sunday-00_024600_1..S03R,121S,04:34:30,04:34:30,19,04:34:30
AFA25GEN-1038-Sunday-00_024600_1..S03R,122S,04:35:30,04:35:30,20,04:35:30
AFA25GEN-1038-Sunday-00_024600_1..S03R,123S,04:37:00,04:37:00,21,04:37:00
AFA25GEN-1038-Sunday-00_024600_1..S03R,124S,04:38:30,04:38:30,22,04:38:30
AFA25GEN-1038-Sunday-00_024600_1..S03R,125S,04:40:00,04:40:00,23,04:40:00
AFA25GEN-1038-Sunday-00_024600_1..S03R,126S,04:42:00,04:42:00,24,04:42:00
AFA25GEN-1038-Sunday-00_024600_1..S03R,127S,04:43:30,04:43:30,25,04:43:30
AFA25GEN-1038-Sunday-00_024600_1..S03R,128S,04:45:00,04:45:00,26,04:45:00
AFA25GEN-1038-Sunday-00_024600_1..S03R,129S,04:46:00,04:46:00,27,04:46:00
AFA25GEN-1038-Sunday-00_024600_1..S03R,130S,04:47:00,04:47:00,28,04:47:00
AFA25GEN-1038-Sunday-00_024600_1..S03R,131S,04:48:00,04:48:00,29,04:48:00
AFA25GEN-1038-Sunday-00_024600_1..S03R,132S,04:49:00,04:49:00,30,04:49:00
AFA25GEN-1038-Sunday-00_024600_1..S03R,133S,04:50:30,04:50:30,31,04:50:30
AFA25GEN-1038-Sunday-00_024600_1..S03R,134S,04:52:00,04:52:00,32,04:52:00
AFA25GEN-1038-Sunday-00_024600_1..S03R,135S,04:54:00,04:54:00,33,04:54:00
AFA25GEN-1038-Sunday-00_024600_1..S03R,136S,04:55:00,04:55:00,34,04:55:00
AFA25GEN-1038-Sunday-00_024600_1..S03R,137S,04:56:00,04:59:00,35,04:56:00
AFA25GEN-1038-Sunday-00_024600_1..S03R,138S,05:00:30,05:00:30,36,05:00:30
AFA25GEN-1038-Sunday-00_024600_1..S03R,139S,05:02:00,05:02:00,37,05:02:00
AFA25GEN-1038-Sunday-00_024600_1..S03R,142S,05:04:00,05:04:00,38,05:04:00
AFA25GEN-1038-Sunday-00_025200_1..N03R,142N,04:12:00,04:12:00,1,04:12:00
AFA25GEN-1038-Sunday-00_025200_1..N03R,139N,04:14:30,04:14:30,2,04:14:30
AFA25GEN-1038-Sunday-00_025200_1..N03R,138N,04:15:30,04:15:30,3,04:15:30
AFA25GEN-1038-Sunday-00_025200_1..N03R,137N,04:16:30,04:16:30,4,04:16:30
AFA25GEN-1038-Sunday-00_025200_1..N03R,136N,04:18:00,04:18:00,5,04:18:00
AFA25GEN-1038-Sunday-00_025200_1..N03R,135N,04:19:00,04:19:00,6,04:19:00
AFA25GEN-1038-Sunday-00_025200_1..N03R,134N,04:20:30,04:20:30,7,04:20:30
AFA25GEN-1038-Sunday-00_025200_1..N03R,133N,04:22:00,04:22:00,8,04:22:00
AFA25GEN-1038-Sunday-00_025200_1..N03R,132N,04:23:30,04:23:30,9,04:23:30
AFA25GEN-1038-Sunday-00_025200_1..N03R,131N,04:24:30,04:24:30,10,04:24:30
AFA25GEN-1038-Sunday-00_025200_1..N03R,130N,04:25:30,04:25:30,11,04:25:30
AFA25GEN-1038-Sunday-00_025200_1..N03R,129N,04:26:30,04:26:30,12,04:26:30
AFA25GEN-1038-Sunday-00_025200_1..N03R,128N,04:28:00,04:28:00,13,04:28:00
AFA25GEN-1038-Sunday-00_025200_1..N03R,127N,04:29:30,04:29:30,14,04:29:30
AFA25GEN-1038-Sunday-00_025200_1..N03R,126N,04:31:30,04:31:30,15,04:31:30
AFA25GEN-1038-Sunday-00_025200_1..N03R,125N,04:33:30,04:33:30,16,04:33:30
AFA25GEN-1038-Sunday-00_025200_1..N03R,124N,04:35:00,04:35:00,17,04:35:00
AFA25GEN-1038-Sunday-00_025200_1..N03R,123N,04:36:00,04:36:00,18,04:36:00
AFA25GEN-1038-Sunday-00_025200_1..N03R,122N,04:37:30,04:37:30,19,04:37:30
AFA25GEN-1038-Sunday-00_025200_1..N03R,121N,04:39:00,04:39:00,20,04:39:00
AFA25GEN-1038-Sunday-00_025200_1..N03R,120N,04:40:30,04:40:30,21,04:40:30
AFA25GEN-1038-Sunday-00_025200_1..N03R,119N,04:42:00,04:42:00,22,04:42:00
AFA25GEN-1038-Sunday-00_025200_1..N03R,118N,04:43:30,04:43:30,23,04:43:30
AFA25GEN-1038-Sunday-00_025200_1..N03R,117N,04:44:30,04:44:30,24,04:44:30
AFA25GEN-1038-Sunday-00_025200_1..N03R,116N,04:46:30,04:46:30,25,04:46:30
AFA25GEN-1038-Sunday-00_025200_1..N03R,115N,04:48:30,04:48:30,26,04:48:30
AFA25GEN-1038-Sunday-00_025200_1..N03R,114N,04:50:00,04:50:00,27,04:50:00
AFA25GEN-1038-Sunday-00_025200_1..N03R,113N,04:52:00,04:52:00,28,04:52:00
AFA25GEN-1038-Sunday-00_025200_1..N03R,112N,04:54:00,04:54:00,29,04:54:00
AFA25GEN-1038-Sunday-00_025200_1..N03R,111N,04:56:00,04:56:00,30,04:56:00
AFA25GEN-1038-Sunday-00_025200_1..N03R,110N,04:57:30,04:57:30,31,04:57:30
AFA25GEN-1038-Sunday-00_025200_1..N03R,109N,04:58:30,04:58:30,32,04:58:30
AFA25GEN-1038-Sunday-00_025200_1..N03R,108N,05:00:00,05:00:00,33,05:00:00
AFA25GEN-1038-Sunday-00_025200_1..N03R,107N,05:01:30,05:01:30,34,05:01:30
AFA25GEN-1038-Sunday-00_025200_1..N03R,106N,05:03:00,05:03:00,35,05:03:00
AFA25GEN-1038-Sunday-00_025200_1..N03R,104N,05:04:30,05:04:30,36,05:04:30
AFA25GEN-1038-Sunday-00_025200_1..N03R,103N,05:06:00,05:09:00,37,05:06:00
AFA25GEN-1038-Sunday-00_025200_1..N03R,101N,05:10:30,05:10:30,38,05:10:30
AFA25GEN-1038-Sunday-00_026600_1..S03R,101S,04:26:00,04:26:00,1,04:26:00
AFA25GEN-1038-Sunday-00_026600_1..S03R,103S,04:27:30,04:27:30,2,04:27:30
AFA25GEN-1038-Sunday-00_026600_1..S03R,104S,04:29:00,04:29:00,3,04:29:00
AFA25GEN-1038-Sunday-00_026600_1..S03R,106S,04:30:30,04:30:30,4,04:30:30
AFA25GEN-1038-Sunday-00_026600_1..S03R,107S,04:32:00,04:32:00,5,04:32:00
AFA25GEN-1038-Sunday-00_026600_1..S03R,108S,04:33:00,04:33:00,6,04:33:00
AFA25GEN-1038-Sunday-00_026600_1..S03R,109S,04:34:30,04:34:30,7,04:34:30
AFA25GEN-1038-Sunday-00_026600_1..S03R,110S,04:36:00,04:36:00,8,04:36:00
AFA25GEN-1038-Sunday-00_026600_1..S03R,111S,04:37:30,04:37:30,9,04:37:30
AFA25GEN-1038-Sunday-00_026600_1..S03R,112S,04:39:30,04:39:30,10,04:39:30
AFA25GEN-1038-Sunday-00_026600_1..S03R,113S,04:41:00,04:41:00,11,04:41:00
AFA25GEN-1038-Sunday-00_026600_1..S03R,114S,04:43:00,04:43:00,12,04:43:00
AFA25GEN-1038-Sunday-00_026600_1..S03R,115S,04:44:30,04:44:30,13,04:44:30
AFA25GEN-1038-Sunday-00_026600_1..S03R,116S,04:46:00,04:46:00,14,04:46:00
AFA25GEN-1038-Sunday-00_026600_1..S03R,117S,04:48:30,04:48:30,15,04:48:30
AFA25GEN-1038-Sunday-00_026600_1..S03R,118S,04:49:30,04:49:30,16,04:49:30
AFA25GEN-1038-Sunday-00_026600_1..S03R,119S,04:50:30,04:50:30,17,04:50:30
AFA25GEN-1038-Sunday-00_026600_1..S03R,120S,04:52:30,04:52:30,18,04:52:30
AFA25GEN-1038-Sunday-00_026600_1..S03R,121S,04:54:30,04:54:30,19,04:54:30
AFA25GEN-1038-Sunday-00_026600_1..S03R,122S,04:55:30,04:55:30,20,04:55:30
AFA25GEN-1038-Sunday-00_026600_1..S03R,123S,04:57:00,04:57:00,21,04:57:00
AFA25GEN-1038-Sunday-00_026600_1..S03R,124S,04:58:30,04:58:30,22,04:58:30
AFA25GEN-1038-Sunday-00_026600_1..S03R,125S,05:00:00,05:00:00,23,05:00:00
AFA25GEN-1038-Sunday-00_026600_1..S03R,126S,05:02:00,05:02:00,24,05:02:00
AFA25GEN-1038-Sunday-00_026600_1..S03R,127S,05:03:30,05:03:30,25,05:03:30
AFA25GEN-1038-Sunday-00_026600_1..S03R,128S,05:05:00,05:05:00,26,05:05:00
AFA25GEN-1038-Sunday-00_026600_1..S03R,129S,05:06:00,05:06:00,27,05:06:00
AFA25GEN-1038-Sunday-00_026600_1..S03R,130S,05:07:00,05:07:00,28,05:07:00
AFA25GEN-1038-Sunday-00_026600_1..S03R,131S,05:08:00,05:08:00,29,05:08:00
AFA25GEN-1038-Sunday-00_026600_1..S03R,132S,05:09:00,05:09:00,30,05:09:00
AFA25GEN-1038-Sunday-00_026600_1..S03R,133S,05:10:30,05:10:30,31,05:10:30
AFA25GEN-1038-Sunday-00_026600_1..S03R,134S,05:12:00,05:12:00,32,05:12:00
AFA25GEN-1038-Sunday-00_026600_1..S03R,135S,05:14:00,05:14:00,33,05:14:00
AFA25GEN-1038-Sunday-00_026600_1..S03R,136S,05:15:00,05:15:00,34,05:15:00
AFA25GEN-1038-Sunday-00_026600_1..S03R,137S,05:16:00,05:19:00,35,05:16:00
AFA25GEN-1038-Sunday-00_026600_1..S03R,138S,05:20:30,05:20:30,36,05:20:30
AFA25GEN-1038-Sunday-00_026600_1..S03R,139S,05:22:00,05:22:00,37,05:22:00
AFA25GEN-1038-Sunday-00_026600_1..S03R,142S,05:24:00,05:24:00,38,05:24:00
AFA25GEN-1038-Sunday-00_027200_1..N03R,142N,04:32:00,04:32:00,1,04:32:00
AFA25GEN-1038-Sunday-00_027200_1..N03R,139N,04:34:30,04:34:30,2,04:34:30
AFA25GEN-1038-Sunday-00_027200_1..N03R,138N,04:35:30,04:35:30,3,04:35:30
AFA25GEN-1038-Sunday-00_027200_1..N03R,137N,04:36:30,04:36:30,4,04:36:30
AFA25GEN-1038-Sunday-00_027200_1..N03R,136N,04:38:00,04:38:00,5,04:38:00
AFA25GEN-1038-Sunday-00_027200_1..N03R,135N,04:39:00,04:39:00,6,04:39:00
AFA25GEN-1038-Sunday-00_027200_1..N03R,134N,04:40:30,04:40:30,7,04:40:30
AFA25GEN-1038-Sunday-00_027200_1..N03R,133N,04:42:00,04:42:00,8,04:42:00
AFA25GEN-1038-Sunday-00_027200_1..N03R,132N,04:43:30,04:43:30,9,04:43:30
AFA25GEN-1038-Sunday-00_027200_1..N03R,131N,04:44:30,04:44:30,10,04:44:30
AFA25GEN-1038-Sunday-00_027200_1..N03R,130N,04:45:30,04:45:30,11,04:45:30
AFA25GEN-1038-Sunday-00_027200_1..N03R,129N,04:46:30,04:46:30,12,04:46:30
AFA25GEN-1038-Sunday-00_027200_1..N03R,128N,04:48:00,04:48:00,13,04:48:00
AFA25GEN-1038-Sunday-00_027200_1..N03R,127N,04:49:30,04:49:30,14,04:49:30
AFA25GEN-1038-Sunday-00_027200_1..N03R,126N,04:51:30,04:51:30,15,04:51:30
AFA25GEN-1038-Sunday-00_027200_1..N03R,125N,04:53:30,04:53:30,16,04:53:30
AFA25GEN-1038-Sunday-00_027200_1..N03R,124N,04:55:00,04:55:00,17,04:55:00
AFA25GEN-1038-Sunday-00_027200_1..N03R,123N,04:56:00,04:56:00,18,04:56:00
AFA25GEN-1038-Sunday-00_027200_1..N03R,122N,04:57:30,04:57:30,19,04:57:30
AFA25GEN-1038-Sunday-00_027200_1..N03R,121N,04:59:00,04:59:00,20,04:59:00
AFA25GEN-1038-Sunday-00_027200_1..N03R,120N,05:00:30,05:00:30,21,05:00:30
AFA25GEN-1038-Sunday-00_027200_1..N03R,119N,05:02:00,05:02:00,22,05:02:00
AFA25GEN-1038-Sunday-00_027200_1..N03R,118N,05:03:30,05:03:30,23,05:03:30
AFA25GEN-1038-Sunday-00_027200_1..N03R,117N,05:04:30,05:04:30,24,05:04:30
AFA25GEN-1038-Sunday-00_027200_1..N03R,116N,05:06:30,05:06:30,25,05:06:30
AFA25GEN-1038-Sunday-00_027200_1..N03R,115N,05:08:30,05:08:30,26,05:08:30
AFA25GEN-1038-Sunday-00_027200_1..N03R,114N,05:10:00,05:10:00,27,05:10:00
AFA25GEN-1038-Sunday-00_027200_1..N03R,113N,05:12:00,05:12:00,28,05:12:00
AFA25GEN-1038-Sunday-00_027200_1..N03R,112N,05:14:00,05:14:00,29,05:14:00
AFA25GEN-1038-Sunday-00_027200_1..N03R,111N,05:16:00,05:16:00,30,05:16:00
AFA25GEN-1038-Sunday-00_027200_1..N03R,110N,05:17:30,05:17:30,31,05:17:30
AFA25GEN-1038-Sunday-00_027200_1..N03R,109N,05:18:30,05:18:30,32,05:18:30
AFA25GEN-1038-Sunday-00_027200_1..N03R,108N,05:20:00,05:20:00,33,05:20:00
AFA25GEN-1038-Sunday-00_027200_1..N03R,107N,05:21:30,05:21:30,34,05:21:30
AFA25GEN-1038-Sunday-00_027200_1..N03R,106N,05:23:00,05:23:00,35,05:23:00
AFA25GEN-1038-Sunday-00_027200_1..N03R,104N,05:24:30,05:24:30,36,05:24:30
AFA25GEN-1038-Sunday-00_027200_1..N03R,103N,05:26:00,05:26:00,37,05:26:00
AFA25GEN-1038-Sunday-00_027200_1..N03R,101N,05:27:30,05:27:30,38,05:27:30
AFA25GEN-1038-Sunday-00_028600_1..S03R,101S,04:46:00,04:46:00,1,04:46:00
AFA25GEN-1038-Sunday-00_028600_1..S03R,103S,04:47:30,04:47:30,2,04:47:30
AFA25GEN-1038-Sunday-00_028600_1..S03R,104S,04:49:00,04:49:00,3,04:49:00
AFA25GEN-1038-Sunday-00_028600_1..S03R,106S,04:50:30,04:50:30,4,04:50:30
AFA25GEN-1038-Sunday-00_028600_1..S03R,107S,04:52:00,04:52:00,5,04:52:00
AFA25GEN-1038-Sunday-00_028600_1..S03R,108S,04:53:00,04:53:00,6,04:53:00
AFA25GEN-1038-Sunday-00_028600_1..S03R,109S,04:54:30,04:54:30,7,04:54:30
AFA25GEN-1038-Sunday-00_028600_1..S03R,110S,04:56:00,04:56:00,8,04:56:00
AFA25GEN-1038-Sunday-00_028600_1..S03R,111S,04:57:30,04:57:30,9,04:57:30
AFA25GEN-1038-Sunday-00_028600_1..S03R,112S,04:59:30,04:59:30,10,04:59:30
AFA25GEN-1038-Sunday-00_028600_1..S03R,113S,05:01:00,05:01:00,11,05:01:00
AFA25GEN-1038-Sunday-00_028600_1..S03R,114S,05:03:00,05:03:00,12,05:03:00
AFA25GEN-1038-Sunday-00_028600_1..S03R,115S,05:04:30,05:04:30,13,05:04:30
AFA25GEN-1038-Sunday-00_028600_1..S03R,116S,05:06:00,05:06:00,14,05:06:00
AFA25GEN-1038-Sunday-00_028600_1..S03R,117S,05:08:30,05:08:30,15,05:08:30
AFA25GEN-1038-Sunday-00_028600_1..S03R,118S,05:09:30,05:09:30,16,05:09:30
AFA25GEN-1038-Sunday-00_028600_1..S03R,119S,05:10:30,05:10:30,17,05:10:30
AFA25GEN-1038-Sunday-00_028600_1..S03R,120S,05:12:30,05:12:30,18,05:12:30
AFA25GEN-1038-Sunday-00_028600_1..S03R,121S,05:14:30,05:14:30,19,05:14:30
AFA25GEN-1038-Sunday-00_028600_1..S03R,122S,05:15:30,05:15:30,20,05:15:30
AFA25GEN-1038-Sunday-00_028600_1..S03R,123S,05:17:00,05:17:00,21,05:17:00
AFA25GEN-1038-Sunday-00_028600_1..S03R,124S,05:18:30,05:18:30,22,05:18:30
AFA25GEN-1038-Sunday-00_028600_1..S03R,125S,05:20:00,05:20:00,23,05:20:00
AFA25GEN-1038-Sunday-00_028600_1..S03R,126S,05:22:00,05:22:00,24,05:22:00
AFA25GEN-1038-Sunday-00_028600_1..S03R,127S,05:23:30,05:23:30,25,05:23:30
AFA25GEN-1038-Sunday-00_028600_1..S03R,128S,05:25:00,05:25:00,26,05:25:00
AFA25GEN-1038-Sunday-00_028600_1..S03R,129S,05:26:00,05:26:00,27,05:26:00
AFA25GEN-1038-Sunday-00_028600_1..S03R,130S,05:27:00,05:27:00,28,05:27:00
AFA25GEN-1038-Sunday-00_028600_1..S03R,131S,05:28:00,05:28:00,29,05:28:00
AFA25GEN-1038-Sunday-00_028600_1..S03R,132S,05:29:00,05:29:00,30,05:29:00
AFA25GEN-1038-Sunday-00_028600_1..S03R,133S,05:30:30,05:30:30,31,05:30:30
AFA25GEN-1038-Sunday-00_028600_1..S03R,134S,05:32:00,05:32:00,32,05:32:00
AFA25GEN-1038-Sunday-00_028600_1..S03R,135S,05:34:00,05:34:00,33,05:34:00
AFA25GEN-1038-Sunday-00_028600_1..S03R,136S,05:35:00,05:35:00,34,05:35:00
AFA25GEN-1038-Sunday-00_028600_1..S03R,137S,05:36:00,05:38:00,35,05:36:00
AFA25GEN-1038-Sunday-00_028600_1..S03R,138S,05:39:30,05:39:30,36,05:39:30
AFA25GEN-1038-Sunday-00_028600_1..S03R,139S,05:41:00,05:41:00,37,05:41:00
AFA25GEN-1038-Sunday-00_028600_1..S03R,142S,05:43:00,05:43:00,38,05:43:00
AFA25GEN-1038-Sunday-00_029200_1..N03R,142N,04:52:00,04:52:00,1,04:52:00
AFA25GEN-1038-Sunday-00_029200_1..N03R,139N,04:54:30,04:54:30,2,04:54:30
AFA25GEN-1038-Sunday-00_029200_1..N03R,138N,04:55:30,04:55:30,3,04:55:30
AFA25GEN-1038-Sunday-00_029200_1..N03R,137N,04:56:30,04:56:30,4,04:56:30
AFA25GEN-1038-Sunday-00_029200_1..N03R,136N,04:58:00,04:58:00,5,04:58:00
AFA25GEN-1038-Sunday-00_029200_1..N03R,135N,04:59:00,04:59:00,6,04:59:00
AFA25GEN-1038-Sunday-00_029200_1..N03R,134N,05:00:30,05:00:30,7,05:00:30
AFA25GEN-1038-Sunday-00_029200_1..N03R,133N,05:02:00,05:02:00,8,05:02:00
AFA25GEN-1038-Sunday-00_029200_1..N03R,132N,05:03:30,05:03:30,9,05:03:30
AFA25GEN-1038-Sunday-00_029200_1..N03R,131N,05:04:30,05:04:30,10,05:04:30
AFA25GEN-1038-Sunday-00_029200_1..N03R,130N,05:05:30,05:05:30,11,05:05:30
AFA25GEN-1038-Sunday-00_029200_1..N03R,129N,05:06:30,05:06:30,12,05:06:30
